transaction_amount,customer_age,account_balance,num_transactions_30d,transaction_hour,distance_from_home_km,merchant_category,is_fraud
69698.8,54,1392141.77,40,12,26.91,utilities,0
10778.06,66,413983.8,6,6,4.52,entertainment,0
9156.7,61,334187.32,44,9,10.87,travel,0
4341.5,63,1596238.52,44,16,11.12,grocery,0
291733.18,67,179162.03,13,23,11.1,travel,0
34724.68,21,2156089.47,10,9,23.75,entertainment,0
65076.31,32,249771.08,13,0,106.83,utilities,1
79932.87,55,161425.22,14,19,24.1,travel,1
30576.85,64,10943.85,15,8,23.53,electronics,1
53455.06,64,207867.73,17,14,8.86,travel,0
13515.9,35,266361.56,9,15,6.32,electronics,0
20273.52,25,298907.0,21,8,712.45,electronics,1
20383.88,35,113794.68,18,20,27.36,grocery,0
298.75,51,439876.05,13,23,712.45,electronics,0
12093.68,34,1523358.85,16,14,10.4,electronics,0
9020.11,70,334595.7,22,8,19.83,travel,0
7898.22,41,355294.65,15,12,0.31,electronics,0
67593.59,24,542080.66,19,3,712.45,grocery,0
89357.09,18,2156089.47,16,18,9.15,grocery,0
68061.21,48,352010.16,9,20,13.51,grocery,1
34086.02,40,594118.86,20,20,27.16,entertainment,0
11539.94,23,418278.95,4,22,2.29,utilities,0
20987.85,56,293845.01,21,11,25.4,grocery,0
174667.53,57,341186.24,12,19,12.38,entertainment,0
7981.57,55,204774.11,21,12,27.88,electronics,0
142218.82,42,377276.97,30,0,0.31,travel,1
19058.95,18,242648.53,15,18,20.26,entertainment,0
1465.08,47,681845.32,22,20,14.62,electronics,0
169226.67,64,255981.93,19,16,1.04,electronics,0
21240.83,55,664467.17,16,12,0.31,electronics,0
4273.15,60,95667.03,33,12,23.16,travel,0
8097.86,41,261272.88,13,21,389.82,entertainment,0
10681.29,60,625771.92,12,13,0.31,utilities,0
36290.27,36,852164.16,17,10,6.72,travel,0
298.75,47,592526.01,18,14,14.2,electronics,0
183836.51,36,110878.22,20,8,0.31,travel,1
7120.77,71,366204.89,19,0,5.98,entertainment,0
46762.83,62,652946.04,4,16,355.34,entertainment,0
23354.48,44,234513.65,12,16,11.26,utilities,0
32657.56,48,314216.44,14,18,19.24,grocery,0
298.75,59,300497.29,22,11,1.51,entertainment,0
3238.16,45,282151.61,16,14,4.14,entertainment,0
64743.98,39,1300197.63,10,21,9.93,utilities,0
10749.72,54,955964.07,20,23,9.19,electronics,0
1023.24,18,145663.02,39,9,12.49,electronics,0
117510.29,68,52859.46,14,10,10.23,utilities,0
8682.96,64,1141304.83,10,18,11.34,entertainment,0
24662.86,27,18753.47,21,10,11.29,travel,0
7062.18,50,249509.05,14,14,531.12,grocery,0
46402.95,36,16705.81,44,17,2.27,electronics,0
8542.84,34,363184.35,12,17,14.88,entertainment,0
44594.33,20,347748.45,22,8,0.31,travel,1
12463.67,61,257207.92,28,0,4.25,travel,0
3597.57,30,241347.92,14,11,608.54,grocery,0
3207.79,50,163089.74,38,8,13.54,travel,0
19737.17,23,336971.27,44,20,508.32,electronics,1
36198.9,18,354540.65,26,18,0.31,utilities,0
20565.55,20,209445.83,12,10,4.57,utilities,0
1684.6,36,354736.29,20,0,18.78,entertainment,0
57370.57,47,562136.06,16,10,23.62,grocery,0
24792.28,34,421091.44,14,19,9.03,electronics,0
187463.86,63,1410520.31,21,22,11.6,utilities,0
198941.8,43,423491.85,13,7,28.59,entertainment,0
19350.24,22,152935.36,21,11,0.31,grocery,0
12241.97,47,248777.97,19,15,18.44,grocery,0
15881.74,33,1502089.71,44,15,12.81,electronics,0
109716.28,64,160014.31,6,13,5.35,utilities,0
50932.34,47,571962.34,7,14,23.32,grocery,0
68322.44,47,126059.21,16,12,16.03,electronics,0
298.75,18,680821.19,12,9,28.19,grocery,0
6062.51,66,585527.96,13,17,8.77,entertainment,0
26754.59,38,373334.55,11,17,7.73,utilities,0
36447.44,26,960363.94,9,0,1.34,electronics,0
21802.52,27,417741.73,8,10,712.45,travel,1
126978.22,66,462582.08,19,19,9.41,entertainment,1
23630.02,67,1073827.28,44,18,18.61,utilities,0
285526.61,40,390426.89,12,14,11.7,entertainment,0
59128.69,50,406542.37,10,10,5.04,travel,0
298.75,54,154670.29,14,8,0.31,utilities,0
122254.76,66,246664.67,32,15,3.94,electronics,1
308210.63,36,192469.55,8,9,12.84,entertainment,0
203470.59,39,326249.02,13,13,8.76,grocery,1
26874.12,29,849831.79,6,6,5.68,electronics,0
23738.39,42,195567.26,9,21,11.51,electronics,0
8535.58,54,163838.01,10,13,20.72,electronics,0
418672.3,27,195772.08,8,9,5.58,utilities,0
298.75,46,362243.4,5,3,624.66,travel,1
418672.3,50,115141.54,5,10,5.76,grocery,0
7045.38,59,186950.78,9,12,28.51,electronics,0
298.75,61,424738.95,7,18,20.91,entertainment,0
10224.29,63,538283.17,6,16,8.91,travel,0
18221.76,53,310893.04,11,23,2.16,electronics,0
12363.45,21,10943.85,18,3,18.08,grocery,0
12059.64,18,57041.88,18,19,11.26,entertainment,0
418672.3,22,111895.2,15,21,22.83,entertainment,0
19881.99,62,185640.72,42,10,10.39,entertainment,0
6048.21,18,1397336.17,17,9,0.31,electronics,0
21717.9,47,1482702.5,19,18,0.59,electronics,0
85114.17,50,498269.36,14,18,7.77,travel,0
9968.26,41,77667.81,44,22,11.42,grocery,0
47392.56,71,141847.89,11,10,0.31,utilities,0
186950.04,29,248314.14,5,21,21.68,utilities,0
33781.6,18,549343.44,13,14,26.96,grocery,0
15270.47,53,286477.62,8,16,21.2,entertainment,0
8593.62,50,322098.85,19,9,9.83,electronics,0
298.75,53,1457746.22,10,11,12.11,grocery,0
466.24,24,210886.32,12,9,341.22,grocery,0
424.42,65,411170.27,12,13,9.66,grocery,0
87363.29,36,227048.04,18,12,3.37,entertainment,0
298.75,68,1252706.08,12,9,11.19,travel,0
7058.83,30,190961.29,16,18,12.57,grocery,0
162465.03,33,1095815.66,44,22,319.81,grocery,0
28175.17,35,181922.53,18,13,11.08,grocery,0
160283.12,57,151412.48,18,19,28.45,utilities,1
4109.56,52,486967.65,11,10,29.92,entertainment,0
82713.05,55,873473.92,11,11,0.31,electronics,0
274367.82,32,603131.77,30,21,10.65,utilities,0
118767.79,40,165092.05,22,9,2.52,electronics,1
298.75,68,321220.55,19,8,9.02,travel,0
195417.12,34,340444.12,20,18,27.46,electronics,0
12202.75,73,202755.53,39,7,4.47,travel,0
5399.63,65,155012.49,11,10,3.39,grocery,0
38612.98,31,309113.88,21,20,14.07,electronics,0
18809.39,32,344574.66,21,11,3.31,grocery,0
298.75,65,2156089.47,10,18,29.08,electronics,0
298.75,26,432868.59,9,12,1.55,travel,0
298.75,45,10943.85,9,12,8.72,electronics,0
21799.87,68,344025.65,44,13,397.55,grocery,0
298.75,59,358404.15,10,18,0.31,grocery,0
152783.04,64,155209.07,9,23,12.1,utilities,0
15685.55,36,95166.2,7,10,10.35,grocery,1
33362.3,62,1119737.46,10,19,25.69,entertainment,0
161625.16,28,263757.97,15,18,10.84,grocery,0
28885.35,56,385136.51,12,9,19.79,electronics,0
53739.38,42,235778.71,44,16,667.54,electronics,0
127650.89,27,407582.43,27,10,0.31,utilities,0
12189.45,46,662902.12,8,21,1.67,utilities,0
80156.91,53,102221.18,8,9,11.12,electronics,0
77252.93,33,1144434.62,18,21,561.84,electronics,1
298.75,47,419875.56,15,23,11.09,grocery,0
14632.09,35,395724.52,16,21,634.47,entertainment,0
103283.95,48,494541.85,44,18,17.37,electronics,0
11061.03,47,1026052.5,11,13,14.28,electronics,1
30916.29,42,579546.23,13,22,0.31,grocery,0
298.75,46,343036.5,10,19,0.31,utilities,0
487.24,21,107589.36,18,13,0.31,electronics,0
298.75,68,317285.76,26,10,18.03,utilities,0
3189.12,59,769861.44,19,8,712.45,travel,0
20021.06,62,125788.61,11,19,28.3,travel,0
23125.78,35,695356.07,15,11,712.45,utilities,0
298.75,28,319773.77,9,12,7.91,electronics,0
298.75,26,155187.15,10,11,11.03,utilities,0
45903.85,53,238418.65,6,18,11.86,grocery,0
10166.98,51,158275.33,9,13,5.34,travel,1
17644.27,27,260062.92,19,10,8.15,travel,0
11712.39,58,177452.66,11,7,38.42,entertainment,0
414914.49,47,415456.42,27,0,12.24,electronics,0
145055.89,42,280244.73,16,14,27.76,travel,0
163501.1,54,300861.57,3,18,20.48,utilities,0
148603.37,44,1483072.92,15,16,9.52,grocery,0
298.75,59,115989.07,15,8,18.41,entertainment,0
19806.89,67,395843.25,12,10,8.15,utilities,0
17611.25,40,402514.66,44,11,571.0,electronics,0
69665.67,52,54645.56,44,11,8.67,travel,0
28009.3,24,42707.21,13,9,24.82,grocery,0
26989.72,58,425606.0,42,9,5.03,travel,0
321316.52,39,1314726.78,21,19,8.61,travel,1
10534.49,51,384190.72,8,10,11.15,entertainment,0
10599.06,28,555042.76,11,11,666.14,electronics,0
13488.35,52,542104.42,16,22,7.15,electronics,0
27186.05,23,458020.12,44,10,11.25,grocery,0
1242.23,35,249705.27,22,9,528.15,electronics,0
298.75,57,338600.32,15,11,4.78,electronics,0
298.75,55,48299.79,16,13,25.92,utilities,0
34930.15,24,1396434.48,20,20,11.96,grocery,0
33573.24,54,261935.12,10,9,8.91,utilities,1
27807.54,30,352335.28,7,0,28.7,travel,0
69884.93,65,218237.32,11,22,9.19,electronics,0
298.75,49,31256.58,44,14,27.44,utilities,0
298.75,48,274734.31,10,18,7.61,electronics,0
115112.75,42,153304.98,31,17,712.45,entertainment,0
129650.26,58,592842.75,14,8,5.63,travel,0
44576.31,25,688133.47,5,12,18.66,grocery,1
24099.83,47,662829.07,33,9,11.08,electronics,1
298.75,34,260693.06,19,10,212.26,travel,0
2685.38,64,541801.88,6,17,23.69,travel,0
298.75,51,544237.28,12,19,610.1,electronics,0
137661.94,45,325648.53,44,7,10.43,electronics,0
90721.66,32,220034.79,16,12,9.32,travel,0
101151.92,41,198128.65,7,3,21.89,electronics,1
50767.74,43,151952.97,10,9,27.94,grocery,0
298.75,21,126596.57,13,19,11.2,electronics,0
321948.49,55,246077.96,10,8,19.78,electronics,0
298.75,46,2156089.47,16,18,235.03,electronics,0
17998.91,18,43845.74,9,15,712.45,electronics,1
27378.49,65,357602.14,18,14,10.55,electronics,0
201814.39,47,555062.21,20,0,400.76,electronics,0
5206.9,18,1541653.92,19,23,14.88,travel,0
298.75,47,279443.94,15,11,0.31,entertainment,0
35202.18,36,239041.04,18,12,20.93,grocery,0
66175.96,34,1176145.37,44,8,12.09,travel,0
8440.51,40,402916.33,14,13,10.15,grocery,0
14518.88,63,157816.91,40,18,12.44,electronics,0
418672.3,21,1623951.76,4,8,4.44,electronics,1
341925.21,40,1124837.99,3,23,2.12,electronics,0
298.75,33,226662.69,16,12,18.32,electronics,0
298.75,56,334507.4,29,9,2.2,electronics,0
33577.43,25,319734.2,8,10,12.27,travel,0
298.75,48,700612.66,13,9,4.06,entertainment,0
5915.09,60,298087.35,31,10,2.82,utilities,0
33319.76,48,36254.86,14,13,2.93,entertainment,0
43840.35,53,383214.85,32,8,14.03,travel,1
6658.18,45,73407.24,35,11,9.95,grocery,0
70004.68,35,155748.52,12,10,9.36,electronics,1
27200.67,44,597888.03,18,12,156.81,electronics,0
41803.2,36,363266.66,14,13,28.22,grocery,0
34299.88,32,636066.1,44,22,10.37,grocery,0
418672.3,41,273823.9,11,9,13.02,utilities,0
298.75,53,273771.26,10,19,2.15,entertainment,0
5041.53,32,105749.46,22,11,6.57,utilities,0
17133.76,34,654116.48,17,18,9.0,entertainment,0
44807.75,46,208831.69,15,12,583.62,electronics,0
36342.2,46,406126.89,7,18,7.66,travel,0
48843.89,43,65122.32,18,9,495.99,travel,0
3150.9,47,600347.99,19,12,663.15,utilities,0
418672.3,63,246637.65,7,22,13.16,grocery,0
23639.87,51,232174.58,15,22,7.89,utilities,0
55081.9,34,291865.65,3,17,19.93,grocery,0
6640.98,53,619958.81,9,20,0.54,utilities,1
59214.92,44,293941.69,9,22,7.41,utilities,1
11031.09,30,283584.19,41,8,10.32,travel,0
298.75,37,155584.53,5,10,141.09,grocery,0
298.75,29,186801.96,44,19,10.63,entertainment,0
52981.78,31,295712.68,21,12,9.57,travel,1
1555.67,27,609130.08,11,9,6.87,utilities,0
298.75,39,984369.99,37,18,2.86,travel,0
298.75,42,110139.33,18,23,616.56,grocery,0
16019.25,51,954712.63,19,14,24.2,entertainment,0
178010.89,53,975339.58,30,23,17.57,utilities,0
12247.64,68,131392.87,9,18,8.61,travel,0
298.75,35,721014.39,44,22,6.25,electronics,0
384111.07,40,117979.09,17,21,8.94,travel,0
19214.29,71,79143.41,5,0,2.11,electronics,0
194266.44,25,228146.74,20,9,11.41,grocery,0
298.75,72,147672.26,3,18,9.65,entertainment,0
10562.77,57,301501.41,26,9,11.63,entertainment,0
160647.13,38,644164.28,12,8,712.45,grocery,0
358915.82,64,457064.7,21,0,625.02,grocery,0
66669.09,37,1040147.87,18,20,8.92,travel,0
1003.15,18,341970.62,7,12,0.31,utilities,0
298.75,43,333020.57,17,14,14.6,utilities,0
30796.88,57,426057.7,31,23,11.83,travel,0
298.75,61,49475.81,16,19,7.9,electronics,0
16238.42,64,120037.04,21,14,13.12,grocery,0
298.75,26,386720.79,16,10,14.26,entertainment,0
298.75,48,327711.86,17,18,203.57,travel,0
99791.99,26,306901.81,15,22,6.47,utilities,0
74921.43,23,280351.19,19,17,0.31,utilities,0
42847.58,58,1303686.41,9,12,6.76,utilities,0
192108.63,39,69390.82,9,9,25.65,electronics,1
26173.89,53,215417.11,7,10,5.59,travel,0
145897.66,49,247014.68,8,20,7.38,utilities,0
22494.14,59,206270.47,13,12,20.93,electronics,0
7892.45,69,321602.87,6,5,13.27,utilities,0
38758.85,60,339781.04,13,8,2.98,travel,0
35458.22,18,269307.76,8,12,13.22,grocery,0
65922.44,59,339256.08,15,14,47.29,electronics,0
199430.79,50,946413.12,7,7,447.95,electronics,1
8970.65,74,222307.15,18,17,2.57,electronics,0
20243.95,54,55938.88,6,20,13.6,utilities,0
298.75,57,355057.25,13,17,564.13,grocery,0
73708.61,49,64393.34,44,8,20.55,grocery,0
19849.98,71,50419.42,17,10,7.67,utilities,0
43349.57,19,580260.12,14,9,712.45,grocery,0
16345.6,39,190698.76,11,13,11.57,entertainment,1
24688.05,49,298674.48,14,23,3.56,utilities,0
21699.05,48,312620.41,5,10,10.03,travel,0
298.75,35,316650.68,9,19,14.66,entertainment,0
174069.77,38,139966.92,14,11,0.31,travel,0
86092.48,67,2156089.47,14,22,27.71,electronics,0
72634.68,29,770861.67,12,15,19.45,travel,1
18922.42,25,1240240.72,7,4,0.31,utilities,0
16993.28,23,121293.44,16,10,6.89,electronics,0
179127.1,30,407128.75,10,17,712.45,travel,0
181046.55,31,595043.94,8,11,5.65,electronics,1
7629.78,36,93871.75,10,22,11.5,grocery,0
19101.81,18,148619.05,11,11,5.4,grocery,1
3351.81,50,406538.68,11,18,3.55,electronics,0
6391.44,47,335129.44,16,12,4.25,travel,0
369459.27,58,643277.86,20,7,6.41,travel,1
21940.32,34,892504.44,18,9,15.22,electronics,0
152040.96,42,621313.18,4,11,13.42,electronics,0
75212.22,61,264608.32,10,21,5.5,electronics,0
37462.75,70,318529.85,17,11,43.48,travel,0
19404.98,41,765536.69,11,13,19.87,entertainment,0
66633.24,18,956877.2,9,22,2.22,travel,0
328438.29,36,142643.96,21,11,7.61,electronics,0
180893.69,39,278253.25,20,15,18.8,grocery,0
14720.12,74,86117.37,10,13,11.53,electronics,0
15781.74,18,433322.3,22,19,712.45,grocery,0
7308.31,50,651044.58,12,0,0.31,electronics,0
25983.87,69,316321.15,5,22,20.46,travel,0
418672.3,41,224992.18,7,10,712.45,utilities,0
188288.06,46,552617.7,17,13,7.66,utilities,1
179538.95,34,23704.73,7,11,12.84,grocery,0
1573.96,29,2156089.47,18,12,11.41,travel,0
46937.41,52,556226.72,21,21,7.43,utilities,0
298.75,56,599021.01,16,10,1.35,travel,0
298.75,55,388502.63,9,12,620.23,travel,0
345846.16,57,99823.63,16,12,10.21,grocery,0
64387.46,28,277057.4,20,18,10.79,electronics,1
17333.95,18,327430.38,20,10,0.31,travel,1
48889.76,71,414571.01,44,17,21.75,entertainment,0
9617.05,30,435773.58,14,10,0.31,utilities,0
10173.13,25,257085.94,12,13,5.97,electronics,0
20481.5,72,605885.46,15,16,9.73,entertainment,0
53865.88,62,279485.62,20,18,24.72,travel,0
1952.84,38,188315.14,9,12,18.62,travel,0
19268.62,28,250519.05,32,15,12.0,electronics,0
20651.11,62,181729.93,17,22,20.86,utilities,0
298.75,70,326329.66,13,10,17.97,grocery,0
32494.55,45,373069.52,11,8,12.06,grocery,0
14981.03,26,180437.65,16,23,5.91,utilities,0
69266.93,52,566603.25,18,11,671.23,travel,1
73748.32,49,391284.53,16,17,712.45,entertainment,0
39249.57,68,10943.85,14,14,1.12,utilities,0
298.75,42,172507.77,16,18,14.44,entertainment,0
19041.58,64,726809.38,9,14,6.9,entertainment,0
298.75,32,188012.06,12,0,10.51,grocery,0
298.75,36,110419.14,18,22,11.75,utilities,0
63814.45,67,179897.35,44,10,24.92,electronics,0
21941.24,34,141780.81,15,21,10.57,grocery,0
86066.67,37,199767.47,6,18,7.77,travel,1
32790.04,51,53067.31,21,18,11.44,electronics,0
13838.55,31,608618.25,15,0,8.59,electronics,0
298.75,60,328673.58,18,11,13.12,grocery,0
83239.57,33,293592.58,36,13,310.02,travel,1
187475.76,45,1289974.7,8,10,712.45,travel,0
298.75,36,1405659.84,13,8,712.45,entertainment,0
298.75,56,1400489.57,16,11,4.4,utilities,0
38739.68,22,389424.25,6,14,8.51,entertainment,0
6366.29,39,395148.18,28,7,7.65,grocery,0
31368.29,48,142729.79,17,9,115.73,electronics,0
18904.89,58,191966.61,12,12,0.31,utilities,0
3302.07,74,103111.43,20,14,21.4,grocery,0
23997.49,49,152153.96,4,0,3.22,utilities,0
3078.38,66,265292.02,11,17,4.42,entertainment,0
28148.15,69,298406.84,10,23,10.3,entertainment,0
10264.89,23,492063.85,23,23,11.27,grocery,0
298.75,44,97446.03,12,22,12.56,grocery,0
76477.34,53,480740.34,7,8,23.46,grocery,0
13803.02,48,344699.19,17,9,7.23,entertainment,0
261173.53,47,451598.22,17,20,1.93,travel,1
2184.76,20,305018.55,44,21,0.85,electronics,0
1168.25,35,80952.05,10,14,8.43,utilities,0
68353.27,69,10943.85,16,8,5.08,entertainment,0
298.75,54,414500.93,15,7,12.61,entertainment,0
49017.55,46,58657.32,23,16,509.13,grocery,0
13027.2,21,1160986.6,39,4,5.74,electronics,0
38513.2,51,228565.29,9,9,603.0,utilities,0
14267.78,45,357471.04,19,0,712.45,electronics,1
10598.76,60,259825.52,17,8,11.26,electronics,0
32636.23,69,236992.96,16,13,2.44,travel,0
298.75,40,305218.12,21,11,0.31,electronics,0
1275.83,34,439820.7,10,18,17.26,entertainment,0
298.75,34,308631.38,44,7,29.12,electronics,0
298.75,51,278395.73,10,19,11.4,grocery,0
30891.85,41,488223.52,12,23,10.08,utilities,0
198219.93,20,685764.64,13,23,9.48,electronics,1
1781.8,65,329605.85,11,11,9.37,utilities,0
143920.61,32,1469835.79,9,15,23.88,travel,1
24734.09,20,393877.86,11,12,8.7,utilities,0
36131.29,26,53425.33,11,17,11.6,grocery,0
16981.67,34,190482.42,44,22,110.45,grocery,0
27221.74,58,141352.24,27,18,17.12,entertainment,0
20761.97,28,641140.52,21,14,3.02,travel,1
418672.3,27,253857.11,14,13,6.62,travel,1
307388.88,29,356256.85,11,10,24.4,entertainment,0
51448.84,62,592601.52,11,11,176.38,travel,0
22586.71,19,427403.07,8,11,0.31,utilities,1
88981.91,43,31035.28,20,21,17.36,utilities,0
298.75,48,364168.02,20,13,13.28,entertainment,0
15144.92,28,311802.09,18,11,11.59,grocery,0
181678.36,52,541815.02,16,19,11.32,electronics,0
298.75,47,933967.96,19,7,9.99,utilities,0
138072.25,61,332898.29,18,9,152.11,electronics,0
75211.34,47,361948.94,17,4,0.31,grocery,0
74695.09,53,373748.21,19,22,0.31,electronics,0
298.75,50,397669.68,9,11,4.43,entertainment,0
13998.63,64,158718.51,13,20,21.15,grocery,0
1345.65,31,351384.81,12,17,318.49,utilities,0
133338.42,48,105680.11,15,23,1.77,utilities,0
6084.97,67,167568.51,20,11,8.01,grocery,0
34279.03,18,174857.14,44,11,0.31,electronics,1
32831.72,28,198139.7,8,18,9.94,entertainment,0
1186.79,63,642361.04,14,19,712.45,electronics,0
183209.73,29,497007.44,18,14,3.68,electronics,1
35811.71,60,956764.09,35,11,20.44,travel,1
69716.37,46,532461.9,22,10,7.31,electronics,0
29474.44,47,10943.85,12,22,440.73,travel,0
17351.65,38,406276.24,16,0,508.06,travel,0
3138.78,38,177448.67,44,20,8.25,electronics,0
418672.3,48,570462.7,9,11,7.78,travel,0
30133.22,28,497425.2,15,21,1.43,electronics,0
61960.65,46,95204.66,9,14,10.59,travel,0
7609.65,35,1489981.5,14,0,440.77,utilities,0
21510.26,63,380759.11,11,9,222.77,grocery,0
168552.78,35,208407.36,10,8,25.32,entertainment,0
14174.73,38,212879.55,12,16,0.38,utilities,0
122229.24,34,382064.81,8,10,7.87,electronics,0
90255.05,41,141662.64,15,23,5.01,grocery,0
20985.46,39,124267.42,16,9,8.89,electronics,1
6006.63,59,141892.44,17,19,5.91,grocery,0
6859.09,48,297413.47,22,8,10.72,grocery,0
12162.2,50,232090.88,13,8,16.59,electronics,1
11863.53,62,328340.07,17,16,7.91,electronics,0
34846.96,45,360156.19,18,15,96.38,electronics,1
3418.1,33,26054.85,44,11,2.19,travel,0
15025.06,57,139996.13,11,7,9.55,grocery,0
11082.82,37,302158.66,4,0,0.31,utilities,0
4947.54,28,223785.99,12,13,5.53,utilities,0
61648.66,60,322854.43,17,11,12.01,utilities,0
42287.03,30,1564164.54,12,0,4.71,travel,1
40353.35,36,31746.54,43,15,21.56,grocery,0
2759.37,40,924282.08,10,12,22.8,travel,0
22978.68,73,358961.13,12,12,17.43,electronics,0
9858.47,38,300352.05,19,9,13.85,utilities,0
298.75,58,311432.62,17,19,21.12,electronics,0
5407.44,44,226881.54,4,9,510.74,travel,0
298.75,41,645121.06,22,16,5.04,travel,0
3356.24,40,348074.39,20,14,8.49,electronics,0
11791.79,35,467621.69,14,21,23.67,grocery,0
298.75,68,623001.11,12,12,2.95,travel,0
9326.95,51,323713.13,21,10,8.98,electronics,0
7040.09,28,393714.76,42,17,2.05,travel,0
200352.77,19,229908.45,44,19,27.67,grocery,0
31297.49,49,302101.68,44,14,10.96,travel,0
5181.61,69,339141.71,9,12,0.67,grocery,0
17635.84,18,2156089.47,10,11,21.72,grocery,0
61185.95,43,351729.58,26,11,23.45,grocery,0
61161.22,65,1315236.1,8,9,22.43,travel,0
13946.89,29,1008352.34,18,21,10.31,electronics,0
298.75,44,584771.43,16,23,3.36,electronics,0
13889.75,62,508193.82,4,7,8.02,electronics,0
226396.82,44,353277.83,20,23,5.91,grocery,0
19590.33,30,345900.78,44,13,295.65,utilities,0
18262.0,18,335244.98,44,8,19.66,grocery,0
263789.71,61,494442.51,14,19,7.61,electronics,1
105479.13,37,347875.17,11,10,695.64,entertainment,0
1015.08,61,286890.4,11,12,27.05,entertainment,0
69295.17,46,212025.26,39,0,1.1,grocery,0
22908.16,55,596828.48,6,16,1.69,grocery,1
40728.06,20,735012.98,22,9,22.36,entertainment,0
9533.5,71,450232.69,30,15,91.66,grocery,0
56538.33,44,512202.71,10,11,0.31,utilities,1
5365.4,52,252306.62,28,17,0.31,utilities,0
64052.36,39,138506.1,18,18,11.11,grocery,0
63802.39,51,351161.21,20,19,10.76,utilities,1
10910.49,52,182915.95,15,20,712.45,entertainment,0
38670.47,54,519198.49,19,13,245.59,grocery,0
29236.13,64,315925.24,14,2,712.45,entertainment,0
17328.29,49,1027285.3,4,16,12.1,entertainment,0
298.75,36,605048.91,17,11,103.43,electronics,0
119013.77,55,355889.24,10,20,5.07,grocery,0
99851.8,36,165866.16,15,11,15.29,travel,0
18350.37,52,1187964.36,44,19,14.89,electronics,0
298.75,61,206994.03,8,15,13.51,entertainment,0
45778.77,18,248583.26,10,8,10.68,electronics,0
18896.88,49,207771.89,19,16,13.58,grocery,0
10438.79,66,418449.08,20,17,1.69,utilities,0
38691.74,25,290329.38,9,0,15.08,grocery,1
81897.24,33,294377.22,44,11,5.52,electronics,0
82711.29,57,269957.56,42,13,698.7,electronics,0
151049.38,23,783660.61,21,21,712.45,grocery,0
11988.98,40,368042.57,13,17,4.79,grocery,0
51667.42,71,386465.53,20,17,24.48,travel,1
8714.25,59,388130.77,43,10,8.53,electronics,0
83441.42,61,999900.46,9,0,22.55,travel,0
41450.29,67,404643.31,17,17,0.31,utilities,0
298.75,35,246932.46,13,13,8.9,entertainment,0
298.75,44,531889.74,14,18,1.92,travel,0
20558.0,62,217952.94,13,0,18.46,grocery,0
139187.92,47,155999.85,44,11,25.83,grocery,0
35924.26,36,335540.54,8,19,9.83,travel,0
20326.48,51,434698.68,17,14,30.62,grocery,0
18873.27,50,355141.33,44,16,1.76,grocery,0
66678.09,49,303562.18,23,17,5.28,electronics,1
298.75,46,362213.06,12,20,6.27,electronics,0
10774.99,49,10943.85,18,21,18.91,entertainment,0
31876.99,60,560229.72,9,13,10.16,travel,0
45535.34,63,961774.47,6,13,666.2,grocery,0
12870.13,33,369150.89,6,11,13.71,travel,0
45429.92,57,934603.3,16,19,103.57,entertainment,0
35363.49,50,1590406.7,18,17,7.0,entertainment,0
15856.59,45,364779.03,20,23,6.88,utilities,0
70085.37,21,164374.34,12,22,9.97,grocery,0
298.75,54,594556.2,8,11,1.92,grocery,0
237225.33,29,107928.11,8,17,9.19,grocery,0
19823.47,59,259992.48,17,20,486.67,electronics,0
38906.28,26,182727.2,14,11,28.76,electronics,0
14703.18,50,67929.9,18,20,6.17,electronics,0
11033.69,57,361822.05,17,7,5.34,grocery,0
18497.54,18,385452.29,16,12,10.32,utilities,1
298.75,46,10943.85,12,12,2.09,electronics,0
184566.65,74,46706.31,17,21,9.81,grocery,0
71927.72,18,424287.83,19,4,7.48,entertainment,0
298.75,71,173387.9,15,23,93.85,electronics,0
175833.59,39,12609.94,18,11,26.31,grocery,0
34996.86,45,918422.16,14,7,23.36,travel,1
29950.44,73,499547.65,10,13,27.07,electronics,0
34478.75,62,215591.24,11,21,14.29,electronics,0
34215.61,35,345458.29,7,21,5.53,travel,0
2022.14,53,314534.44,14,10,500.18,electronics,1
3378.92,21,41675.77,44,17,9.99,grocery,0
49712.94,18,456266.28,11,7,0.31,electronics,0
16761.98,50,171523.26,13,21,10.07,electronics,0
8526.3,70,334681.96,15,20,10.65,electronics,0
298.75,50,153597.03,20,11,712.45,electronics,0
38004.29,58,305460.47,17,7,254.54,grocery,0
24261.13,59,47854.06,44,1,9.11,entertainment,0
66773.13,48,802349.62,17,10,8.2,utilities,0
298.75,46,359430.73,44,17,2.08,electronics,0
1430.55,51,92812.41,4,14,5.65,utilities,0
38410.82,36,384102.59,10,23,6.42,utilities,0
9713.35,59,350009.73,31,12,3.82,entertainment,0
7343.09,40,488325.55,14,18,8.98,electronics,0
34440.81,68,1039127.96,19,16,15.51,entertainment,0
298.75,30,381000.71,17,9,0.31,utilities,0
30696.17,57,536136.94,37,13,4.78,entertainment,0
23262.52,23,1963391.82,13,11,9.8,travel,0
54704.22,46,266720.63,11,13,10.58,electronics,0
38853.47,18,351086.32,16,23,2.76,utilities,0
17869.57,18,165524.92,19,14,18.47,travel,0
298.75,28,144626.27,20,7,0.31,entertainment,0
14168.25,69,885391.64,18,18,26.45,travel,0
3260.46,49,244494.3,20,10,10.64,travel,0
961.77,25,440444.22,5,16,5.34,utilities,0
126029.02,26,455985.14,44,13,5.05,grocery,0
35174.8,32,1161959.48,16,0,13.58,entertainment,0
3304.12,45,1272843.97,15,12,13.62,entertainment,0
8359.43,32,20863.36,17,13,7.76,grocery,0
7739.44,21,88188.88,22,14,488.6,grocery,0
14525.0,30,391797.29,6,13,0.31,travel,0
19173.54,27,324777.58,18,16,712.45,travel,0
3819.59,28,727635.55,44,10,712.45,electronics,0
22439.99,45,326883.93,14,0,10.7,electronics,0
16785.24,51,313461.24,11,9,302.21,grocery,1
11634.81,50,555857.45,3,7,0.31,electronics,1
127995.13,53,331906.75,9,23,11.21,travel,0
11367.8,61,565734.87,15,19,11.3,entertainment,0
209555.16,26,597896.67,9,20,17.9,utilities,0
17130.3,69,277440.35,7,13,6.13,utilities,0
81959.29,37,105378.77,19,8,8.62,travel,0
41864.73,36,1198635.77,10,20,3.59,electronics,0
2070.27,27,419050.51,18,18,0.31,travel,0
84170.1,18,679346.72,43,13,5.46,grocery,1
115066.36,55,541558.83,16,10,14.39,travel,0
298.75,70,1470399.93,7,18,9.75,travel,0
34221.04,66,497044.4,15,14,110.15,entertainment,0
70351.06,40,340418.82,27,11,6.13,travel,0
10851.66,47,174879.63,44,23,5.69,travel,0
16516.49,39,306315.75,8,18,435.49,electronics,0
63253.82,21,543084.47,44,15,10.11,grocery,0
969.4,65,363328.35,9,10,128.65,entertainment,0
33489.4,40,187452.11,10,16,11.03,entertainment,0
21968.39,21,100009.71,11,0,3.36,electronics,0
19116.56,28,258633.05,9,17,6.82,grocery,0
3875.65,29,10943.85,17,13,19.38,electronics,0
11207.01,50,306193.0,18,14,20.88,grocery,0
10830.52,51,716919.91,22,10,0.31,electronics,0
34437.56,26,558582.76,14,18,8.57,electronics,0
8818.66,52,91986.8,15,12,28.67,grocery,0
298.75,43,2156089.47,21,12,5.2,travel,0
27492.34,45,473290.19,16,10,14.77,grocery,0
158230.38,19,115746.29,18,23,22.74,grocery,0
38769.84,26,1144363.13,7,15,8.08,travel,1
173690.22,35,313039.3,4,9,0.31,utilities,1
59927.0,71,109517.42,14,20,3.69,electronics,0
8840.97,24,150098.77,9,9,6.3,utilities,0
11133.92,22,603388.48,10,18,7.04,electronics,0
29925.79,35,371148.33,19,11,8.61,utilities,0
189720.18,47,772723.03,17,17,11.57,travel,1
67913.42,26,201667.14,14,8,28.3,travel,0
42662.53,41,194857.97,36,14,7.81,travel,0
50422.01,33,55832.83,11,15,4.57,travel,0
12076.68,25,43140.85,18,22,514.19,grocery,0
120975.77,50,278263.0,11,1,712.45,grocery,1
41680.37,57,618534.45,11,10,7.45,utilities,0
298.75,44,166340.5,9,0,712.45,entertainment,0
181331.32,36,428032.46,13,0,3.86,grocery,0
125824.78,30,918769.88,16,8,354.7,travel,1
259199.43,47,670682.52,15,3,10.6,entertainment,0
6957.18,54,431368.2,20,13,20.75,entertainment,0
3269.29,53,896865.32,33,8,0.64,entertainment,0
10206.66,40,522795.48,14,21,4.86,grocery,0
43869.14,41,486100.89,8,12,8.45,utilities,0
41487.31,24,195983.72,6,12,3.52,utilities,1
54815.56,35,356154.77,17,19,0.31,utilities,1
199472.86,26,106167.43,14,9,5.42,grocery,1
298.75,54,321984.63,29,13,8.42,electronics,0
21230.81,36,420833.33,14,0,11.04,entertainment,0
298.75,59,393133.08,23,16,712.45,grocery,0
26492.92,56,200959.48,15,21,20.77,grocery,0
87444.45,36,181763.48,14,10,13.11,grocery,0
180949.3,59,592532.36,16,10,7.72,electronics,0
9853.71,43,374001.99,12,18,149.49,electronics,0
33980.54,65,385459.84,32,21,291.85,electronics,0
8329.04,18,327674.27,17,20,10.68,electronics,0
23115.74,45,399182.51,6,9,5.85,travel,0
10784.96,38,338472.89,17,12,8.77,electronics,0
127821.52,18,431523.27,18,13,476.47,grocery,1
6251.48,57,923273.93,13,13,7.65,entertainment,0
10473.56,55,325540.01,21,17,712.45,entertainment,0
1733.29,44,415439.18,26,10,23.49,entertainment,0
1463.96,31,327740.49,13,2,417.71,electronics,0
35645.83,46,424890.45,13,15,0.31,entertainment,0
298.75,32,204997.4,15,11,712.45,electronics,0
22359.42,62,84696.11,7,17,11.23,travel,1
126120.14,44,358100.31,18,11,23.56,travel,0
15098.15,51,526498.01,6,22,350.81,utilities,0
298.75,33,1509189.6,16,13,10.36,entertainment,0
174018.8,27,586993.5,10,16,1.82,utilities,0
38399.67,53,243170.7,5,21,0.31,electronics,1
7484.52,45,209512.97,17,12,493.38,entertainment,0
298.75,49,246947.71,7,11,16.76,electronics,0
298.75,58,374247.9,21,7,2.32,electronics,0
11685.81,60,874505.15,19,20,15.86,grocery,0
1037.01,44,466033.3,9,8,0.31,travel,1
4431.48,59,10943.85,13,13,23.97,travel,0
67242.36,57,270934.55,22,11,24.93,utilities,0
37274.44,74,456453.83,20,21,121.58,entertainment,0
157458.52,35,412608.57,18,19,26.07,utilities,0
49510.36,71,599490.15,16,15,6.21,grocery,1
298.75,51,66979.31,16,16,315.71,utilities,0
298.75,41,476101.49,12,12,3.97,entertainment,0
8838.98,29,173698.65,20,12,4.66,entertainment,0
14424.03,31,450135.42,19,14,18.9,electronics,0
18619.38,53,511836.3,10,2,7.7,utilities,0
19569.57,42,2156089.47,9,21,346.52,grocery,0
10795.58,66,352137.01,20,13,17.38,travel,0
10093.06,69,693664.47,19,14,349.13,travel,0
11857.43,47,338952.26,7,15,9.95,entertainment,0
103037.19,69,353815.78,29,6,0.31,entertainment,0
17176.04,27,41661.65,4,10,712.45,grocery,0
48494.87,19,67864.51,10,9,10.07,grocery,0
30047.28,52,328489.58,19,10,7.42,grocery,0
51672.08,55,204575.45,11,18,206.55,grocery,0
13466.71,28,105591.96,30,19,1.09,entertainment,0
3567.1,18,375716.08,15,23,9.4,electronics,0
5004.06,35,550155.62,18,18,4.39,electronics,0
29348.56,56,330608.33,16,12,10.58,utilities,0
222225.91,41,10943.85,18,13,304.37,electronics,0
14663.95,23,109758.15,44,0,12.61,grocery,0
22995.72,25,751318.0,20,14,8.49,entertainment,0
64850.9,38,311583.27,22,12,0.31,electronics,0
298.75,30,332197.63,14,8,494.76,entertainment,0
66118.64,23,1171586.42,21,2,11.97,travel,1
10627.84,38,345728.82,43,13,712.45,entertainment,0
17011.1,52,662965.25,27,10,712.45,electronics,0
16585.54,33,216885.53,9,10,12.8,grocery,0
96995.29,33,138790.54,9,8,27.69,grocery,0
177441.36,66,312572.58,11,0,712.45,electronics,1
35714.04,49,175530.02,18,14,253.45,entertainment,0
118883.12,67,568299.52,11,23,27.11,entertainment,0
12921.43,55,195950.74,6,18,712.45,grocery,0
418672.3,34,1530810.78,20,10,8.43,travel,0
190851.14,67,281924.74,16,13,9.74,electronics,0
50124.46,67,10943.85,44,12,9.32,grocery,0
23996.25,55,11560.25,38,20,7.51,entertainment,0
130932.28,28,308272.69,15,17,446.33,grocery,1
7948.78,37,870116.45,44,11,9.69,travel,0
20107.18,56,257519.4,8,20,20.2,entertainment,0
74652.72,19,541870.59,7,10,11.84,electronics,1
8560.59,55,993940.5,12,18,0.31,travel,1
298.75,51,256557.87,44,11,5.4,electronics,0
20969.09,18,286672.3,14,11,14.05,entertainment,0
12289.38,18,342733.02,10,11,0.31,utilities,0
26139.3,44,543994.5,11,12,101.79,electronics,0
16537.73,54,378968.1,44,7,0.65,entertainment,0
38233.02,55,163829.57,5,18,5.08,travel,1
2222.84,46,1649362.98,13,9,47.67,electronics,0
149548.35,60,654217.85,19,17,2.36,electronics,0
165703.17,49,1356224.14,44,12,15.95,electronics,1
5406.0,60,605945.75,17,23,7.72,utilities,0
75423.86,35,208960.32,8,9,7.85,entertainment,0
28207.81,26,263392.71,13,6,4.0,utilities,1
10872.86,60,312690.49,11,11,452.76,electronics,0
22199.09,37,183394.42,44,21,712.45,electronics,0
19775.18,24,297774.62,17,9,2.75,travel,1
11856.23,51,353894.47,14,13,0.31,electronics,0
13222.99,47,180055.62,17,19,21.79,travel,0
18958.62,22,227490.78,10,10,22.51,entertainment,0
15480.18,33,54747.01,20,18,22.51,travel,0
298.75,21,358476.63,14,9,74.68,electronics,0
12735.95,61,102598.86,20,17,12.0,grocery,1
27406.24,53,1287236.64,35,8,14.41,travel,0
39998.43,68,344102.61,18,13,712.45,electronics,1
298.75,58,444255.95,12,21,9.37,utilities,0
6441.18,64,537331.56,10,12,0.76,grocery,0
18719.94,63,168002.43,34,12,5.05,utilities,0
22882.94,38,407082.54,14,13,15.47,grocery,0
180918.47,48,116686.17,13,13,13.08,electronics,0
51801.07,28,10943.85,44,8,8.36,grocery,0
35447.96,49,363831.4,20,9,7.14,electronics,0
145609.86,40,226467.18,15,1,13.87,utilities,0
88558.64,37,681730.1,19,13,189.87,utilities,1
5961.75,53,986343.59,18,13,10.9,utilities,0
14114.74,26,321799.97,18,17,531.93,utilities,0
23228.6,50,1340148.03,16,19,21.83,travel,0
58211.96,25,953487.51,13,19,2.96,electronics,0
4942.12,70,65900.78,17,9,4.25,grocery,0
1792.68,38,474771.28,16,14,213.2,electronics,0
298.75,70,418951.29,11,18,21.38,utilities,0
37434.36,55,204233.76,9,10,213.17,travel,0
5210.3,18,230922.46,19,11,5.35,entertainment,0
74443.67,33,349660.88,16,19,3.98,utilities,1
8211.61,40,1494967.39,44,22,12.25,entertainment,0
185027.4,34,411287.02,12,7,25.56,grocery,1
5867.47,29,82646.48,5,18,4.24,entertainment,0
298.75,55,172564.25,26,10,11.39,utilities,0
58110.47,51,533892.06,10,11,24.77,grocery,0
40116.08,42,415063.38,17,19,4.18,travel,0
22688.94,48,316345.38,15,10,0.6,grocery,0
27302.91,60,197852.56,22,18,12.17,entertainment,0
82692.49,33,2156089.47,24,10,22.21,travel,1
78146.01,46,873540.68,44,13,0.47,electronics,1
8665.1,37,35782.75,16,19,15.21,entertainment,0
298.75,34,118885.79,16,22,471.16,utilities,0
114808.45,61,506057.3,5,11,26.92,travel,1
298.75,58,345929.06,22,16,11.57,utilities,0
37070.97,45,190981.66,2,17,9.35,grocery,0
11647.5,27,424668.2,21,12,9.66,electronics,0
7070.77,27,170309.93,18,17,9.12,travel,0
4518.55,50,502235.3,9,7,0.96,utilities,1
9514.26,54,179866.3,11,15,712.45,grocery,0
18337.92,47,526775.96,11,18,0.31,travel,0
135531.62,21,290381.77,10,20,532.63,electronics,0
44405.22,37,408228.24,39,9,10.42,travel,0
10405.54,39,312762.15,11,23,1.17,electronics,0
13035.52,27,239430.43,13,23,25.13,entertainment,0
59889.52,40,490745.25,10,20,496.86,electronics,0
73496.25,47,225321.83,16,12,455.54,travel,0
298.75,64,369392.91,17,3,24.36,grocery,0
29556.52,31,71923.68,44,10,17.8,grocery,0
20068.97,23,421167.37,44,10,6.19,utilities,0
298.75,46,882481.72,19,18,0.83,electronics,0
9856.53,37,351696.6,13,10,624.59,entertainment,0
23686.94,42,258090.72,19,10,6.75,utilities,1
2432.39,55,442331.91,14,11,18.1,entertainment,0
872.34,33,211041.29,19,10,298.28,grocery,0
12414.7,35,558519.74,34,8,0.31,entertainment,0
298.75,59,207929.04,16,17,712.45,entertainment,0
23744.94,29,358234.47,34,11,398.22,entertainment,0
47355.32,18,337103.05,14,9,13.34,electronics,0
298.75,65,321806.56,20,13,9.63,electronics,0
7074.04,51,1545091.03,9,18,712.45,entertainment,0
42937.99,65,105612.98,11,9,6.16,grocery,0
298.75,61,330123.29,22,12,2.89,travel,0
1601.04,58,272893.96,44,23,9.34,entertainment,0
8299.48,34,211306.6,7,23,11.51,grocery,0
298.75,48,433263.06,17,17,1.22,grocery,0
36415.11,49,1117354.48,14,17,251.39,travel,1
43088.59,20,143547.74,12,12,24.17,electronics,1
59482.41,52,46906.26,13,11,3.06,grocery,0
47258.06,18,245227.37,44,15,7.75,electronics,1
12912.97,64,295925.26,18,12,0.31,electronics,0
54408.01,45,216653.34,18,18,26.97,entertainment,0
25916.14,52,505686.42,23,7,0.72,utilities,0
298.75,56,401120.38,16,0,9.95,travel,0
33245.4,49,206636.41,16,11,10.45,grocery,0
372968.5,32,1029930.94,9,17,6.15,electronics,0
23641.84,35,259616.2,11,12,2.51,utilities,0
20365.54,60,1154190.57,33,15,11.28,electronics,0
191714.66,48,331348.5,18,23,12.97,grocery,0
29703.14,49,232585.46,15,0,9.38,grocery,0
487.82,31,166520.48,31,21,7.03,electronics,0
120424.1,36,901822.22,21,19,12.4,electronics,0
225925.11,41,204001.48,32,9,10.14,electronics,1
31110.58,26,1541751.73,8,10,6.44,electronics,1
48453.65,55,221908.18,35,7,5.59,grocery,0
61666.24,32,264126.0,44,13,18.56,travel,1
57027.95,30,609466.97,19,11,21.64,grocery,0
35732.91,46,1017304.62,8,13,15.71,travel,0
202647.68,19,1432150.9,22,16,6.94,electronics,0
2823.73,37,163713.03,9,0,200.42,electronics,0
63290.9,45,1345508.3,44,16,9.25,utilities,0
77919.02,65,303475.26,11,17,10.46,travel,0
231616.25,40,304058.58,19,12,14.63,grocery,0
8559.38,45,81997.54,8,1,29.6,utilities,0
298.75,33,431949.79,32,10,4.2,grocery,0
298.75,48,267703.14,12,11,5.36,entertainment,0
34433.99,73,66456.33,18,20,9.1,travel,0
298.75,52,185720.96,35,14,8.21,travel,0
102827.63,36,655294.77,10,12,11.47,electronics,0
84160.48,42,277480.21,10,18,17.83,grocery,0
84204.42,59,262707.72,44,13,9.79,electronics,0
26111.58,46,423122.62,17,20,17.46,entertainment,0
18917.03,54,459278.02,16,11,11.14,utilities,0
20069.5,50,1503101.27,33,19,0.31,electronics,0
21599.25,27,376114.31,19,10,3.43,electronics,0
298.75,18,250711.29,32,11,1.87,grocery,0
62012.61,49,889243.37,12,8,15.09,electronics,0
34481.12,59,236718.25,16,18,2.32,electronics,0
1851.16,28,428448.85,15,2,271.22,grocery,0
51913.97,21,1955493.69,10,2,10.12,grocery,1
50398.18,40,96095.51,19,11,12.61,travel,0
222245.28,59,202772.89,24,6,0.31,electronics,1
56318.11,34,160288.23,19,18,2.98,electronics,0
3092.76,36,80356.95,13,8,9.15,travel,0
17556.3,52,1258734.89,15,12,9.88,travel,1
64786.45,20,270523.13,7,0,2.31,grocery,1
50814.19,61,224831.0,11,9,4.14,electronics,1
47903.77,57,167014.2,16,8,3.29,utilities,0
123028.38,62,835714.14,15,10,705.7,travel,0
119133.69,26,51982.03,18,11,22.24,electronics,0
298.75,35,340665.13,11,10,10.61,travel,0
12082.45,30,223738.91,9,18,195.47,grocery,0
26950.38,73,1429625.95,15,0,373.77,entertainment,0
66849.92,55,589806.85,13,16,563.36,electronics,1
22160.85,34,335301.36,14,14,15.54,entertainment,0
418672.3,55,426045.02,15,20,8.76,entertainment,0
18801.84,56,10943.85,12,0,27.61,grocery,1
35277.87,39,426301.66,10,15,5.11,utilities,0
14786.47,21,162802.99,11,12,7.38,electronics,0
51047.04,33,13666.56,13,13,19.24,travel,0
4472.83,57,425552.31,12,18,712.45,entertainment,0
81520.05,42,534994.3,10,0,8.23,travel,0
77253.52,57,340963.7,9,18,712.45,electronics,0
1645.19,59,149695.59,21,19,712.45,grocery,0
14756.98,53,396568.77,15,22,8.54,travel,1
5883.82,52,301230.55,15,23,648.55,entertainment,0
418672.3,51,554890.53,15,20,9.63,grocery,0
65169.22,19,331270.56,30,9,712.45,grocery,1
11841.34,41,213252.53,16,9,21.79,grocery,0
39522.07,36,331383.01,5,22,18.1,electronics,0
100307.71,20,44904.91,22,12,8.45,entertainment,1
41944.92,66,653865.07,6,12,4.82,travel,0
3557.82,48,361202.2,20,12,5.42,utilities,0
25440.89,65,70226.96,44,8,25.68,grocery,0
298.75,48,323207.24,11,11,23.09,entertainment,0
201291.43,42,305719.44,13,9,23.35,grocery,1
298.75,50,162756.89,23,20,1.07,utilities,0
31363.41,59,609667.67,10,12,665.51,entertainment,0
72558.31,46,141664.26,12,9,15.23,travel,0
48358.88,29,187314.77,36,4,12.52,electronics,1
12544.19,65,389732.08,8,11,7.75,entertainment,0
8845.99,33,426637.98,36,12,15.83,entertainment,0
1237.7,36,453443.4,11,13,6.19,utilities,0
643.05,48,656104.84,21,14,6.97,electronics,0
44350.52,34,441053.63,18,10,28.15,entertainment,0
418672.3,61,136209.32,9,23,712.45,grocery,0
8634.31,62,117310.98,16,22,6.46,travel,0
418672.3,40,321671.65,8,9,8.02,travel,1
7545.65,23,195544.5,18,16,5.44,entertainment,0
14215.61,42,10943.85,11,16,2.4,utilities,0
70258.1,47,346936.39,8,15,629.78,electronics,1
6643.4,39,289592.57,7,10,0.31,entertainment,0
298.75,23,306830.92,13,11,2.41,entertainment,0
5491.63,52,350355.29,8,9,15.97,entertainment,1
14612.55,39,199739.26,44,11,12.97,entertainment,0
122647.36,25,302920.51,5,23,6.12,grocery,0
31148.23,40,344958.07,12,16,3.29,grocery,0
35149.34,56,158124.0,35,19,3.61,electronics,0
30013.44,53,151820.93,11,16,22.94,electronics,0
390257.57,60,419617.48,21,17,14.52,utilities,0
65479.86,60,554044.4,7,18,12.5,entertainment,0
9131.93,58,266292.23,18,16,20.36,entertainment,0
19362.84,19,107676.38,22,11,0.66,grocery,0
33320.8,27,537656.53,11,12,11.3,grocery,1
15476.48,67,251413.42,18,0,200.1,entertainment,0
298.75,57,357825.15,6,9,689.33,electronics,0
39264.97,23,408246.79,20,18,5.02,utilities,0
149229.98,41,252102.69,13,3,11.81,electronics,1
84531.65,65,1980374.12,15,9,17.94,electronics,0
2528.52,38,416042.13,10,12,6.83,utilities,0
9444.57,42,163940.06,11,0,14.69,electronics,0
115759.38,41,608381.17,18,7,9.77,entertainment,0
11134.9,66,322122.61,14,12,12.97,utilities,0
418672.3,49,262492.25,8,17,9.51,travel,0
8961.53,33,376855.14,18,19,12.36,electronics,0
18024.28,60,1009859.35,9,12,26.11,entertainment,0
17842.96,34,337899.98,14,14,712.45,entertainment,0
298.75,20,570908.54,19,10,7.98,entertainment,0
27188.45,68,202576.26,11,17,6.01,electronics,0
298.75,32,408393.55,16,18,29.16,grocery,0
168042.09,43,309267.11,36,18,12.99,travel,1
100831.78,41,10943.85,15,10,13.46,utilities,0
19218.09,47,1424362.29,44,18,24.82,electronics,0
279390.93,27,377982.59,7,22,4.64,electronics,0
298.75,29,361804.77,27,14,9.06,entertainment,0
63203.82,57,1405816.99,15,19,5.73,entertainment,0
83131.4,57,1509731.02,9,19,2.45,electronics,0
13348.27,71,326196.02,12,16,8.05,entertainment,0
171830.36,57,430503.74,16,9,13.11,electronics,0
80870.73,45,634514.58,31,9,16.21,electronics,0
9443.87,18,110358.31,21,11,4.46,electronics,0
147974.89,60,330997.04,8,13,26.17,entertainment,0
5223.74,42,140087.2,8,14,10.1,grocery,0
103140.63,40,694771.81,44,10,12.59,entertainment,0
24979.33,25,10943.85,25,13,11.64,grocery,1
4728.24,52,126672.58,14,5,16.78,grocery,0
27607.51,56,326470.67,10,7,0.31,grocery,1
418672.3,41,83778.49,19,14,13.13,electronics,1
123711.87,21,136170.51,44,23,0.31,electronics,0
75699.49,41,256855.58,42,17,7.45,electronics,0
298.75,39,413203.29,11,10,3.23,electronics,0
298.75,29,550833.76,36,18,344.29,electronics,0
15503.13,49,1432403.4,12,5,23.8,electronics,0
10604.64,39,93403.54,44,8,23.97,utilities,0
11986.2,64,167934.14,44,11,4.45,entertainment,0
97738.3,18,778897.79,14,17,485.48,electronics,1
17493.27,22,326653.69,17,13,17.28,utilities,0
298.75,50,193388.95,18,9,13.95,utilities,0
298.75,23,436275.31,10,20,1.15,electronics,0
8210.12,35,163419.2,16,14,8.55,utilities,0
48699.02,38,238261.47,17,0,0.31,electronics,0
418672.3,35,172741.12,44,16,0.31,grocery,0
3586.99,33,265905.18,14,14,8.44,electronics,0
18658.44,37,659869.54,22,9,0.31,electronics,0
18034.39,49,1380254.13,20,17,10.63,electronics,1
33343.79,36,481184.49,9,0,7.62,utilities,0
298.75,42,352507.31,9,8,13.01,grocery,0
6463.79,50,538015.31,18,9,7.66,electronics,0
48119.04,42,441797.7,7,9,712.45,electronics,0
298.75,34,1308871.09,16,11,4.66,utilities,0
32014.9,48,1007278.02,4,9,3.61,entertainment,0
298.75,33,288235.31,28,11,18.54,electronics,0
26038.35,66,1116867.8,8,9,0.31,utilities,0
7593.07,18,426818.45,16,17,12.54,electronics,0
57519.49,54,736406.1,17,9,2.76,grocery,0
12046.61,22,147026.94,12,10,8.49,grocery,0
24122.2,73,101323.82,13,10,25.03,electronics,0
147142.54,33,127037.3,17,0,17.61,travel,0
3080.94,70,644070.14,9,18,23.1,grocery,0
11638.18,41,274929.4,22,20,5.16,utilities,0
4508.47,33,261426.07,18,0,3.61,entertainment,0
20079.25,48,419293.26,20,11,21.01,entertainment,0
37415.41,46,442998.41,7,0,8.86,utilities,1
5852.35,41,208864.58,20,20,5.74,electronics,0
172992.22,33,438236.88,42,12,13.86,grocery,0
33382.86,28,756778.5,14,8,674.23,travel,0
21450.63,40,336682.41,4,15,4.82,utilities,0
298.75,57,244769.63,16,20,23.39,electronics,0
38807.24,42,408849.11,6,12,4.12,entertainment,0
20745.22,44,499332.28,13,13,10.98,travel,0
15237.73,43,546489.91,15,21,11.64,grocery,0
27767.55,65,288547.3,17,4,6.85,travel,0
13415.15,30,829660.32,12,18,433.8,electronics,0
7728.38,48,485135.45,11,19,18.22,grocery,0
31735.19,49,444054.39,12,19,1.26,travel,1
161447.77,36,578001.37,9,8,252.01,electronics,0
298.75,27,453422.4,14,10,2.81,utilities,0
151982.73,40,545500.03,44,9,14.54,grocery,0
32563.85,37,711257.55,6,14,712.45,utilities,1
59237.57,61,16684.65,14,9,15.34,grocery,1
17595.54,18,723696.8,19,12,0.31,grocery,0
105278.69,63,670083.85,19,18,26.97,entertainment,1
298.75,29,174777.03,23,11,16.68,entertainment,0
9164.25,30,337199.24,16,8,4.58,electronics,1
4522.95,60,426829.71,9,20,4.41,grocery,0
257565.3,23,155631.22,14,10,16.08,electronics,1
33643.24,60,551055.76,12,20,7.59,utilities,0
301752.31,34,407448.24,18,16,8.99,electronics,0
70049.13,32,392513.24,16,22,0.31,entertainment,0
26867.88,27,257757.83,11,9,3.9,travel,0
15897.69,46,473369.22,44,10,712.45,electronics,0
266311.69,53,112449.15,5,9,10.83,travel,0
298.75,35,307074.35,10,21,12.69,electronics,0
86883.73,55,90163.37,17,7,10.69,travel,0
3874.1,48,218791.77,22,11,13.11,grocery,0
4183.48,54,86622.01,22,10,9.73,travel,0
23119.8,23,349695.0,18,7,16.21,grocery,0
71325.65,30,386750.89,18,23,10.38,utilities,0
29196.12,35,384003.96,14,9,0.31,grocery,0
16111.96,66,308349.37,20,21,13.47,entertainment,0
16947.49,24,384312.53,18,0,2.32,travel,0
138609.27,21,905607.41,6,0,487.09,electronics,1
7432.15,55,305270.09,16,20,13.89,entertainment,0
298.75,40,395776.32,10,12,0.97,entertainment,0
9683.6,38,208264.13,12,10,24.41,entertainment,0
298.75,22,173625.36,20,20,21.03,utilities,0
12229.08,42,900769.43,44,11,26.38,grocery,0
7908.63,40,220763.61,38,3,13.45,electronics,0
20427.95,38,469579.59,10,11,10.14,electronics,1
32796.6,24,520339.96,11,9,0.31,utilities,0
298.75,71,199687.03,8,13,22.07,travel,0
54584.79,32,1141066.69,18,21,712.45,grocery,1
35931.24,59,2156089.47,20,8,0.87,electronics,0
1267.93,53,163430.25,14,19,14.89,entertainment,0
298.75,54,348112.52,17,13,23.87,entertainment,0
13813.82,26,322107.41,16,2,0.31,grocery,0
154700.36,71,720993.94,11,0,12.28,travel,1
42079.24,32,194452.9,13,18,712.45,utilities,0
11238.43,38,186560.5,18,17,19.74,entertainment,0
298.75,21,405993.15,18,10,0.31,grocery,0
14628.73,46,723711.62,38,19,4.66,entertainment,0
98073.26,59,197302.8,13,18,11.46,utilities,0
45786.36,39,382524.63,28,0,110.61,electronics,0
1741.56,53,306425.9,35,11,7.82,electronics,0
98628.02,45,248343.95,44,10,7.4,entertainment,0
24577.71,18,373417.44,8,14,16.42,entertainment,0
22238.36,42,1117352.4,10,8,5.84,grocery,0
298.75,23,285895.17,44,12,12.79,grocery,0
4665.27,64,528137.81,15,10,10.65,entertainment,0
40289.77,28,155502.47,18,10,355.04,travel,0
298.75,29,33512.26,32,22,0.31,entertainment,0
35999.42,38,13569.27,17,9,0.31,travel,0
17391.75,18,196578.35,7,21,13.19,travel,1
15201.53,72,387709.52,16,18,12.1,grocery,0
37521.97,33,413163.21,20,21,712.45,entertainment,0
52793.74,21,506362.5,14,20,6.48,grocery,0
71425.96,20,207170.32,16,19,1.83,entertainment,0
42115.85,28,230518.04,10,9,11.61,electronics,1
298.75,65,184116.0,17,23,10.5,electronics,0
29421.29,31,627670.56,44,19,342.99,grocery,0
6238.59,43,55030.31,14,18,0.31,utilities,0
3028.45,52,351166.05,13,18,10.36,travel,0
2239.42,40,66071.73,18,0,11.37,grocery,0
140781.49,61,142738.98,13,15,4.84,utilities,0
51181.79,47,250359.4,17,18,0.31,travel,0
298.75,27,298673.93,11,13,4.47,electronics,0
77566.16,35,281395.63,15,21,288.52,entertainment,0
298.75,43,440139.14,8,18,385.2,utilities,0
50861.77,29,276890.29,18,0,712.45,travel,1
16295.56,31,208204.79,16,18,19.98,travel,0
52606.55,24,376382.32,12,22,25.82,electronics,0
7747.72,58,276556.02,20,10,6.3,electronics,0
60596.69,33,590432.34,14,9,0.31,travel,0
29178.01,60,339445.28,10,8,7.09,travel,0
298.75,36,256467.26,11,23,8.07,grocery,0
213485.95,58,1184205.15,14,21,15.25,travel,0
10255.73,49,182984.47,7,11,712.45,travel,0
6979.98,47,954950.03,4,13,5.56,electronics,0
64003.51,42,729635.68,14,22,547.18,electronics,0
15405.13,61,287438.21,18,17,13.88,travel,0
298.75,28,390393.37,12,21,0.31,entertainment,0
69043.14,26,73738.96,15,8,16.71,utilities,0
21457.04,32,479691.32,11,21,6.14,electronics,0
70976.68,18,378027.86,13,12,0.31,utilities,0
298.75,69,98708.51,8,12,1.72,travel,0
25856.19,48,203150.7,18,5,6.62,travel,0
298.75,52,531407.44,20,5,5.36,electronics,0
57587.7,45,397476.64,16,15,15.03,electronics,0
57208.83,49,427250.13,13,8,8.34,entertainment,0
108621.8,39,784816.51,36,20,452.16,grocery,0
32188.29,34,107486.27,12,16,129.39,electronics,0
298.75,38,140861.04,10,13,9.28,travel,0
16914.54,57,168093.71,10,23,4.96,utilities,1
36404.27,52,449275.64,8,8,320.26,grocery,0
61714.54,66,481538.35,5,16,7.41,entertainment,0
4489.45,59,456066.26,7,19,3.26,utilities,0
30536.58,74,159244.14,18,0,20.76,utilities,0
45858.93,36,386001.07,12,8,13.15,entertainment,0
15788.46,36,564638.46,18,21,5.35,electronics,0
23893.94,38,387418.72,9,19,2.82,travel,1
25158.64,36,315767.37,6,8,24.9,travel,0
79511.42,43,146587.16,31,12,712.45,travel,1
298.75,44,314729.16,29,11,20.46,travel,0
6378.78,18,208701.86,31,13,1.36,electronics,0
7443.44,23,317736.93,16,11,12.6,grocery,0
141289.52,34,431668.14,11,15,8.54,electronics,0
183287.56,48,231508.29,15,13,559.86,utilities,0
1824.48,30,337220.48,9,13,21.06,entertainment,0
17692.35,24,144802.29,9,19,11.99,grocery,0
13940.46,49,377396.18,11,10,12.28,entertainment,0
32488.33,65,1966877.01,10,18,3.69,electronics,0
36758.33,42,10943.85,42,22,10.49,grocery,0
87386.3,44,195007.55,6,11,20.9,travel,0
3622.5,51,257318.55,8,9,6.65,utilities,0
9601.71,29,176665.68,20,9,8.49,electronics,0
10672.36,32,245396.92,2,16,2.73,utilities,0
16460.58,18,873367.09,17,8,6.62,electronics,1
79181.37,28,300671.58,18,10,25.53,grocery,0
102346.56,67,382180.83,8,10,712.45,electronics,0
54854.75,44,231803.99,19,9,22.84,grocery,0
19571.51,18,379060.59,18,22,5.85,travel,0
24195.45,46,10943.85,18,10,19.28,utilities,0
150072.85,34,433483.14,34,17,0.31,utilities,0
8746.32,53,150954.94,18,14,17.27,entertainment,0
298.75,66,448630.62,12,20,24.94,travel,0
4933.85,35,434761.43,22,19,485.74,grocery,0
170324.94,38,576111.7,9,0,23.96,electronics,1
75280.33,56,599951.04,18,11,2.84,travel,0
10362.77,40,316202.27,13,18,712.45,electronics,0
23816.55,51,422963.95,18,16,5.54,travel,0
133768.91,50,69332.91,13,18,15.61,electronics,0
199146.32,35,140059.91,17,21,11.59,electronics,0
17313.61,63,169589.32,44,12,18.67,entertainment,0
2118.53,58,629740.68,15,14,8.7,travel,0
32969.69,49,454404.78,10,10,4.68,travel,0
15802.25,72,277620.89,15,16,5.74,utilities,0
298.75,18,119073.8,8,13,7.33,utilities,1
76036.93,52,488169.2,7,17,7.17,travel,1
32767.05,37,288290.88,15,7,29.09,travel,0
332772.1,47,102757.79,18,23,0.87,grocery,0
298.75,35,2156089.47,8,9,3.52,travel,0
104518.44,47,139973.36,12,11,10.76,travel,0
5161.26,61,11940.33,14,14,5.0,utilities,0
298.75,43,393670.22,44,10,0.31,electronics,0
9748.17,22,207229.54,43,21,7.45,travel,0
24350.06,50,345934.0,17,18,18.66,grocery,0
2125.84,68,82663.54,44,22,13.42,travel,0
152352.13,54,484404.32,13,10,21.73,utilities,1
7901.77,34,634799.01,15,19,27.01,travel,0
38219.26,36,312091.38,11,14,712.45,utilities,0
22386.54,49,151730.1,30,17,13.35,electronics,0
19432.47,53,10943.85,12,20,14.03,electronics,0
418672.3,19,295394.25,5,12,8.17,electronics,1
25760.89,43,256356.12,16,11,25.79,electronics,0
207825.3,34,1407336.24,6,2,14.61,electronics,1
40134.89,41,1629248.4,18,0,5.57,electronics,0
921.7,20,167376.24,10,9,8.82,electronics,0
55988.59,54,955600.83,9,15,3.32,electronics,0
167044.61,18,491049.27,11,14,2.19,travel,0
44608.43,36,208805.12,22,8,28.55,electronics,0
13066.51,37,427998.6,20,12,2.54,utilities,0
8261.54,18,249393.84,16,21,2.99,entertainment,0
4432.5,28,355421.11,18,16,0.31,utilities,0
91129.13,39,231095.61,27,12,329.85,entertainment,0
24753.07,18,687817.71,17,18,2.57,electronics,0
20179.49,46,1476242.79,17,10,3.28,electronics,0
117030.97,49,326758.74,20,10,26.22,grocery,0
71323.75,69,138846.66,10,8,26.38,entertainment,0
298.75,47,2156089.47,6,0,2.35,entertainment,0
23139.49,34,265705.03,7,10,7.19,electronics,0
298.75,36,343986.17,20,9,0.31,grocery,0
206789.41,47,66101.96,19,5,23.27,electronics,0
6003.74,18,179191.31,16,14,3.4,grocery,0
298.75,56,398364.14,9,16,12.61,grocery,0
125780.69,33,41027.6,13,11,6.12,utilities,0
21113.57,55,294911.28,16,12,0.31,utilities,0
32951.0,55,356383.9,5,17,0.31,entertainment,0
298.75,67,402549.97,11,13,492.92,entertainment,0
4675.44,51,1000351.09,9,10,0.31,grocery,1
142618.9,53,1146234.33,44,12,712.45,travel,1
4312.21,56,256548.71,20,12,3.09,travel,0
141559.79,49,320476.33,17,22,0.32,electronics,0
18112.66,50,271295.99,14,14,10.7,entertainment,0
298.75,55,316973.33,12,23,12.01,electronics,0
21571.58,63,153448.77,12,13,19.63,grocery,0
418672.3,40,154377.32,16,8,112.1,entertainment,1
11403.5,30,426495.7,19,0,578.91,grocery,0
56860.21,65,531715.38,8,8,17.37,travel,0
7841.38,51,337217.41,10,8,0.31,electronics,0
20545.47,46,323551.24,14,9,0.51,travel,0
26246.35,56,374595.79,5,10,9.31,entertainment,0
298.75,48,267728.42,10,18,13.38,utilities,0
3303.32,40,964237.31,12,0,0.62,electronics,1
15819.38,46,242268.03,12,16,712.45,electronics,0
2831.95,24,24945.43,40,12,232.28,utilities,0
44768.74,20,1041294.95,44,13,13.82,grocery,0
19261.45,42,322743.77,13,8,712.45,grocery,0
2820.09,49,379069.95,20,16,12.27,entertainment,0
16078.76,60,229933.07,9,14,23.47,travel,0
116588.87,55,279981.33,14,21,17.22,travel,0
15805.12,45,235280.49,44,18,5.12,utilities,0
58092.35,18,309861.19,10,19,26.44,travel,0
4762.19,39,181894.05,13,23,1.14,electronics,0
15175.54,35,318990.05,18,2,19.7,entertainment,0
11748.48,60,183502.61,18,10,7.32,grocery,0
8656.7,59,406350.86,19,0,712.45,electronics,0
5432.43,61,1143504.35,18,23,512.78,utilities,0
10263.58,45,414228.4,16,4,3.88,utilities,0
13229.36,68,669171.11,8,21,1.66,electronics,0
7802.73,18,388655.86,19,8,712.45,electronics,0
49437.73,47,389413.75,29,12,0.31,utilities,0
298.75,31,340453.47,21,18,0.31,electronics,0
293937.55,20,174106.56,17,6,15.35,electronics,1
4914.69,43,380674.13,11,23,5.62,electronics,0
38423.22,52,323610.5,5,11,3.97,utilities,0
70764.75,46,374279.6,8,10,26.91,grocery,0
298.75,62,351691.11,13,17,10.0,electronics,0
298.75,67,442571.02,7,16,21.57,entertainment,0
418672.3,62,455667.73,14,13,11.29,entertainment,0
52104.84,56,411877.33,8,13,12.4,utilities,1
68077.04,35,92775.24,15,10,9.53,electronics,1
6486.96,34,649269.01,11,12,5.08,utilities,0
17641.09,40,388047.39,29,16,11.28,entertainment,0
15901.25,18,367127.18,7,12,11.52,electronics,1
138606.19,34,696324.92,11,19,6.56,travel,1
298.75,18,112430.88,12,14,10.08,travel,0
51349.37,30,125375.19,20,11,7.38,electronics,1
14084.23,49,255997.34,21,14,12.85,utilities,0
40733.93,28,10943.85,10,10,12.3,electronics,0
11784.55,36,335629.45,22,9,18.15,travel,0
5340.89,55,251660.11,14,14,19.07,travel,0
63418.94,36,594622.88,33,12,24.98,utilities,0
140265.53,34,999990.94,15,8,15.93,grocery,0
298.75,70,632192.88,17,10,13.77,travel,0
110684.66,33,224912.97,14,21,6.55,electronics,1
30899.44,59,139120.84,12,12,5.11,electronics,1
140377.25,22,447252.15,14,17,16.95,electronics,0
298.75,65,434586.16,18,10,1.9,utilities,0
44735.0,43,380439.45,30,0,9.82,utilities,0
298.75,32,287876.78,44,6,5.26,entertainment,0
24688.88,33,274489.07,22,16,3.04,utilities,0
5373.8,43,628355.79,10,18,712.45,entertainment,0
11327.95,65,391364.13,16,15,11.36,grocery,0
298.75,62,376451.96,7,9,10.88,electronics,0
26870.71,44,462421.42,40,22,5.97,electronics,0
139314.69,18,323941.68,25,11,11.06,electronics,1
42491.78,60,183219.34,8,15,21.25,electronics,0
88439.62,54,350680.08,15,19,3.31,grocery,0
6754.44,59,147636.61,44,9,23.76,entertainment,0
7976.79,54,319847.83,37,11,2.36,entertainment,0
130150.44,29,331486.74,13,13,9.68,grocery,0
8215.55,41,521529.85,11,15,668.36,entertainment,0
6246.56,62,166737.79,17,7,1.74,entertainment,0
298.75,69,269771.68,14,12,6.92,travel,0
87654.62,38,140308.86,17,9,17.19,travel,1
21138.95,22,190080.58,15,10,6.09,grocery,0
82632.37,19,257462.41,5,9,712.45,electronics,1
72049.31,56,124635.92,38,12,0.31,grocery,0
41066.16,36,552767.71,12,22,6.24,grocery,0
18308.96,62,63901.01,12,20,10.9,electronics,0
36048.57,69,1256704.71,12,10,8.8,electronics,0
26458.25,18,536086.55,37,22,22.21,electronics,0
298.75,24,1509583.29,43,12,16.49,travel,0
27176.82,38,269270.99,10,13,0.31,electronics,0
36566.13,37,243985.2,6,9,0.31,utilities,1
21393.23,26,289817.94,44,4,75.18,entertainment,1
94318.49,28,222738.12,12,19,204.88,electronics,1
140206.07,66,330706.66,16,10,8.46,grocery,0
298.75,63,597907.64,39,23,5.31,electronics,0
2451.76,51,436128.79,9,8,0.31,utilities,0
74310.96,49,511345.0,9,10,13.74,grocery,1
9825.32,64,10943.85,17,14,16.17,grocery,0
17508.24,42,372284.78,10,0,418.09,electronics,0
298.75,46,918759.92,20,23,11.79,electronics,0
3542.13,68,1076398.28,9,21,26.9,travel,0
11845.47,28,434295.35,14,18,487.69,utilities,0
68730.73,20,296592.4,10,9,7.49,grocery,1
298.75,27,224629.3,44,21,406.45,electronics,0
177332.19,50,654981.03,9,12,0.31,utilities,0
298.75,43,496559.51,6,9,11.74,utilities,0
298.75,65,283457.48,11,10,22.95,entertainment,0
12105.6,66,166893.75,15,10,6.6,utilities,0
39867.48,25,611238.44,20,19,712.45,travel,0
25721.08,36,206516.48,12,9,9.24,electronics,0
1957.95,36,508698.09,11,20,9.67,grocery,0
287095.47,64,1418473.1,7,10,7.26,travel,0
5052.67,21,369338.32,12,12,19.26,travel,0
298.75,26,96812.25,13,22,16.68,electronics,0
19150.27,48,407878.17,12,13,0.31,utilities,0
418672.3,66,308451.21,44,9,20.88,electronics,1
12688.3,30,67394.73,13,17,23.37,utilities,0
40992.83,18,100342.87,5,19,20.33,electronics,1
8257.86,48,215775.66,40,16,10.83,travel,0
92467.85,59,1727360.51,14,11,22.01,travel,1
125612.87,54,474361.82,18,21,12.53,electronics,0
298.75,35,267134.94,9,14,6.22,electronics,0
380.89,73,17519.7,20,18,27.13,grocery,0
298.75,40,240074.11,26,22,26.63,grocery,0
1462.02,27,323480.52,14,11,10.37,electronics,0
212971.29,20,1034632.28,30,14,12.35,grocery,1
9916.27,18,1125155.12,31,14,0.38,travel,0
200347.06,41,122492.06,14,19,589.69,travel,1
298.75,35,55798.31,44,20,0.31,electronics,0
8132.31,49,224924.15,15,13,712.45,electronics,0
11714.55,36,299305.19,10,10,28.88,electronics,0
12098.22,49,196852.37,9,11,712.45,grocery,0
298.75,47,394228.66,11,7,3.56,electronics,0
85093.3,33,319964.45,20,18,25.52,grocery,0
20487.23,40,150213.08,9,11,7.79,travel,1
72708.41,60,105715.06,11,9,12.02,entertainment,0
15108.2,53,406014.74,12,8,11.47,travel,0
365743.56,60,1214831.75,10,20,18.51,travel,0
40396.28,32,425194.56,7,19,3.36,electronics,0
125831.67,32,171730.17,10,0,17.09,utilities,1
153594.13,33,355745.42,9,0,708.11,utilities,1
1594.22,52,394267.3,10,19,23.95,entertainment,0
125607.69,18,114787.1,7,19,2.99,electronics,1
203874.85,39,458126.38,41,11,8.1,utilities,1
298.75,18,447621.02,17,15,10.99,utilities,0
33341.32,18,481763.65,9,12,11.2,grocery,0
119400.45,46,213806.31,8,19,27.08,travel,0
17868.11,61,425267.65,9,7,8.51,travel,0
196845.96,31,233903.11,40,17,7.24,travel,0
6256.32,34,236677.23,18,19,11.38,electronics,0
25648.85,50,373569.27,15,6,22.01,electronics,0
26804.14,47,124549.38,17,11,8.05,electronics,0
1770.69,22,491188.03,12,9,0.31,electronics,0
45013.24,51,243183.2,8,21,4.16,grocery,0
34444.95,63,2156089.47,10,23,19.55,electronics,0
2588.17,30,348588.66,16,15,4.3,grocery,0
67424.59,35,274865.59,12,12,2.92,travel,1
27919.15,46,470655.87,12,0,16.2,electronics,1
76667.82,35,613984.97,14,12,712.45,entertainment,0
298.75,27,426117.27,18,10,12.11,travel,0
83396.42,20,433478.4,10,9,9.27,grocery,0
43329.27,52,1007168.9,10,9,8.66,travel,1
88948.68,23,328291.98,20,17,25.9,utilities,0
6064.87,36,589361.36,8,12,23.26,grocery,0
186059.91,39,473356.94,11,12,493.0,travel,1
4125.88,22,290326.31,7,21,22.14,electronics,0
2892.38,59,248604.14,15,18,154.4,utilities,0
5609.42,33,275505.68,20,11,9.92,utilities,0
77734.81,66,221690.4,15,11,712.45,entertainment,0
418672.3,19,359319.43,13,11,5.34,grocery,0
68389.77,23,251480.92,16,9,5.18,travel,0
61927.39,59,437334.08,17,21,27.89,electronics,1
91812.15,49,212612.28,21,20,7.72,utilities,1
42293.94,29,542066.64,44,7,7.89,utilities,0
27831.93,19,524849.33,9,19,712.45,utilities,0
54741.45,63,2010952.51,7,23,2.28,utilities,0
8855.41,30,432149.71,7,21,0.41,travel,0
88627.64,61,469244.34,34,23,24.02,travel,0
298.75,26,175444.02,18,10,10.14,electronics,0
39297.51,30,550491.4,10,16,6.34,entertainment,0
113326.62,20,249784.81,13,10,712.45,travel,1
10474.57,36,96974.98,11,18,532.09,entertainment,0
4467.95,65,389003.16,44,12,1.06,electronics,0
7035.37,66,277935.26,20,1,4.08,utilities,0
25929.92,45,413021.4,44,11,11.23,grocery,0
118904.15,29,252706.88,15,9,6.71,electronics,0
16033.85,40,171877.44,44,19,4.75,entertainment,1
9145.78,49,129468.14,16,17,10.01,grocery,0
183775.2,30,295729.55,12,20,5.1,grocery,1
34972.61,42,146188.46,14,7,18.81,travel,1
148083.26,40,220392.46,37,18,13.63,grocery,0
30337.9,69,162850.37,16,7,0.85,grocery,0
21048.01,66,285554.2,14,4,17.93,utilities,1
298.75,42,1479022.09,15,20,5.84,electronics,0
47420.8,18,335194.51,10,0,0.63,grocery,0
8023.45,57,554765.56,17,8,0.31,electronics,0
1215.29,27,1059563.98,18,17,4.1,electronics,0
6370.74,50,540258.36,12,15,11.22,electronics,0
70133.27,49,326300.26,4,11,4.08,utilities,0
11237.26,56,145187.64,13,19,706.72,grocery,0
78966.1,70,2156089.47,18,9,12.4,travel,1
43097.73,44,424571.97,44,12,10.82,entertainment,0
43613.84,52,1211263.17,19,7,461.39,utilities,1
21945.75,50,1416852.86,15,19,26.39,utilities,0
114428.73,32,63533.13,11,8,0.31,electronics,0
298.75,24,45811.5,16,12,12.66,utilities,0
82573.26,41,34015.48,9,12,29.82,grocery,0
100001.59,41,382217.64,7,18,652.56,entertainment,0
15381.83,66,10943.85,11,18,25.98,entertainment,0
48435.21,71,252570.81,16,16,9.15,electronics,0
119791.39,42,403597.81,16,11,22.65,electronics,0
31917.6,60,154499.07,7,11,23.87,entertainment,0
10421.18,41,248295.11,21,12,476.12,grocery,0
31209.28,61,579718.69,44,8,649.34,grocery,0
7387.29,69,621873.04,9,11,11.58,electronics,0
55243.01,18,603861.93,10,15,12.27,electronics,1
6436.44,19,32745.87,40,17,25.33,entertainment,0
587.31,46,440558.93,11,9,20.32,electronics,0
212374.13,21,247011.31,17,10,23.01,electronics,0
2491.59,54,547234.21,11,12,24.71,electronics,0
298.75,49,78515.8,10,9,17.44,travel,0
94121.73,18,390050.61,15,9,7.1,electronics,0
86170.39,55,217718.44,8,22,11.54,entertainment,0
9968.21,67,176707.96,33,12,0.31,utilities,0
75450.23,18,1030250.57,22,12,158.14,electronics,0
29480.75,32,854345.53,11,19,101.39,utilities,0
298.75,43,257201.77,10,10,10.21,grocery,0
23568.86,71,237194.41,8,20,8.71,utilities,0
15150.24,18,184461.74,20,17,0.31,travel,0
69540.82,67,436121.22,20,5,23.75,entertainment,0
1207.93,37,2156089.47,22,12,712.45,grocery,0
32898.84,38,510531.65,17,16,20.48,entertainment,0
63740.46,51,444498.69,44,14,8.82,grocery,0
21803.42,36,282040.98,17,12,9.85,utilities,0
210149.65,31,750434.89,20,21,9.48,grocery,1
34873.66,47,96157.44,12,12,22.73,electronics,0
7511.27,44,518709.13,16,20,0.31,entertainment,0
1314.44,65,428105.84,7,0,712.45,electronics,0
53958.71,30,983640.13,17,20,14.16,travel,0
11326.3,18,628193.18,15,18,7.82,travel,0
22927.72,54,386081.34,13,8,26.12,utilities,0
6121.43,35,443073.58,21,20,27.32,entertainment,0
298.75,47,165612.54,10,8,0.31,electronics,0
23541.11,50,403032.39,13,12,10.58,utilities,0
225997.44,20,388150.43,10,20,10.08,utilities,0
14940.45,39,254580.74,13,9,8.42,grocery,0
15115.36,49,1288174.33,10,19,11.22,entertainment,0
54937.75,40,956515.84,10,20,589.44,utilities,0
127689.51,30,151312.69,18,13,27.66,entertainment,0
55520.98,45,388546.19,11,9,712.45,travel,1
298.75,56,234560.46,17,6,10.55,electronics,0
298.75,23,356414.74,9,22,20.59,entertainment,0
66393.34,46,253146.15,8,8,1.75,grocery,0
36593.96,64,315468.99,15,12,9.18,grocery,0
36233.7,50,385639.61,31,12,0.31,grocery,0
53348.44,32,201558.94,28,8,12.99,grocery,0
27826.84,44,215441.84,13,13,10.11,utilities,0
93586.62,37,161569.03,18,9,0.9,electronics,0
298.75,27,279984.65,44,19,9.61,entertainment,0
35151.42,33,100158.7,9,15,292.95,travel,0
9508.6,40,314121.02,39,10,14.24,travel,0
39991.12,25,1448364.31,34,18,2.82,electronics,1
54395.37,45,159509.03,19,11,24.05,travel,1
56924.78,18,409917.65,7,21,33.5,travel,1
13150.17,31,592796.34,39,11,264.92,travel,0
32522.81,32,12265.07,13,6,12.0,entertainment,0
15854.11,65,159646.07,29,2,1.35,electronics,0
68109.4,64,171938.59,12,9,21.17,travel,0
7980.74,38,471558.62,17,12,9.88,grocery,0
298.75,18,310557.45,12,14,15.06,electronics,0
11913.02,42,263670.4,16,12,11.09,grocery,0
115928.12,42,1242489.8,9,19,12.11,utilities,0
298.75,61,453796.33,9,9,4.43,travel,0
156619.91,72,20945.67,44,15,11.58,grocery,0
948.21,26,1639328.94,14,20,27.68,electronics,0
38131.49,65,279921.79,44,17,6.26,entertainment,0
74295.88,65,400657.15,19,13,505.57,electronics,0
298.75,20,1577029.64,22,18,12.24,electronics,0
17405.9,50,10943.85,18,13,11.95,utilities,0
11478.85,48,74397.73,12,21,712.45,grocery,0
4297.52,56,1462671.92,44,7,2.85,utilities,0
9318.22,66,507638.23,20,20,373.07,grocery,0
50465.18,54,422436.62,44,21,9.2,utilities,0
18400.77,38,75222.84,22,22,452.95,utilities,0
298.75,53,367039.62,7,11,634.56,entertainment,0
3762.28,64,37945.21,20,9,4.03,entertainment,0
31892.39,51,223056.73,19,7,20.83,travel,0
3665.1,47,684072.92,22,14,6.57,entertainment,0
15846.7,26,501308.34,8,4,10.35,entertainment,0
22109.29,61,974068.11,19,9,25.91,travel,1
10633.44,29,382476.08,20,11,20.68,entertainment,0
6603.42,29,605777.03,21,20,24.48,grocery,0
2015.96,69,632241.52,16,0,8.44,electronics,0
17325.4,54,390789.11,14,20,5.94,utilities,0
13805.2,62,1587401.15,15,20,12.16,entertainment,0
92195.61,36,1506972.32,9,9,25.96,travel,0
298.75,32,300692.2,22,8,6.82,grocery,0
84324.6,48,76718.01,14,17,17.37,utilities,0
50009.47,34,379960.66,15,11,23.39,travel,0
24050.64,44,646580.55,10,17,10.47,utilities,0
387404.59,48,257815.89,39,17,712.45,grocery,0
5911.41,37,370736.06,15,19,11.57,entertainment,0
140501.27,63,104481.87,10,0,8.62,travel,0
5764.89,35,1556679.06,15,10,7.63,grocery,0
100756.65,69,421180.49,17,20,19.09,utilities,0
2221.44,62,1106004.8,18,20,5.98,electronics,0
123538.83,46,1224703.81,0,21,8.66,travel,0
298.75,30,333864.02,19,14,7.09,electronics,0
5151.63,72,912833.32,6,22,154.5,travel,0
298.75,56,202319.34,12,17,20.08,utilities,0
25706.1,39,806273.44,42,17,27.24,grocery,0
46185.72,60,1484465.49,6,9,3.29,travel,0
3481.6,55,415585.34,17,21,13.03,travel,0
11870.0,44,1424650.56,9,18,7.2,grocery,1
298.75,61,229482.21,44,21,10.32,travel,0
33579.24,65,399027.65,19,13,9.45,entertainment,0
3514.39,53,346615.66,11,22,12.28,grocery,0
15216.37,66,302847.52,4,4,5.21,grocery,0
418672.3,46,502888.21,9,12,5.85,travel,0
23231.7,61,207878.04,10,11,9.56,utilities,0
16010.97,18,124572.25,15,18,0.31,utilities,0
45602.14,43,371701.26,27,5,0.31,utilities,0
72142.26,47,223650.98,7,12,4.92,travel,0
273411.43,51,279116.46,8,13,11.92,entertainment,0
5202.51,56,290452.43,13,15,712.45,entertainment,0
23586.19,24,280448.31,8,22,6.01,travel,1
64346.76,50,451697.45,14,9,19.18,electronics,0
50750.17,27,683263.91,44,14,0.53,electronics,0
21639.33,43,327004.09,13,13,712.45,utilities,0
298.75,44,301394.54,44,15,8.36,grocery,0
43624.91,55,824067.48,17,6,14.56,electronics,1
5193.23,27,1107721.87,17,12,712.45,grocery,0
965.53,64,1589504.23,14,11,712.45,electronics,0
22496.88,35,229897.9,8,10,412.29,entertainment,0
12589.01,59,268716.14,16,18,19.67,grocery,0
2995.83,28,240706.04,16,19,0.87,entertainment,0
141566.15,54,451196.31,15,17,712.45,utilities,1
38108.01,57,589006.7,11,22,20.13,utilities,0
44085.73,29,199559.8,7,13,5.04,grocery,1
152012.31,29,292676.85,10,6,19.17,grocery,1
19214.0,47,223565.6,8,18,5.59,utilities,0
11578.21,50,300680.66,14,17,1.33,electronics,0
29099.06,54,629874.37,42,9,14.24,travel,0
32815.34,52,581506.78,12,19,26.86,grocery,0
81775.09,29,338406.88,12,20,18.08,electronics,1
173605.48,61,305345.26,21,9,12.2,grocery,0
34113.82,57,144097.06,16,16,28.0,travel,0
125736.88,18,299622.34,6,20,9.64,grocery,0
8928.86,27,726747.35,13,17,0.64,electronics,0
7708.61,54,162774.03,11,10,11.82,grocery,0
298.75,36,474289.97,13,8,3.89,travel,0
124977.32,44,155172.16,42,10,9.66,grocery,0
6631.25,20,572009.56,21,18,6.63,electronics,0
74720.99,58,608488.88,13,16,7.01,electronics,1
298.75,42,169422.02,44,0,9.89,entertainment,0
121518.27,28,329538.22,13,10,18.8,utilities,0
124117.78,30,313669.68,17,7,9.88,entertainment,0
9695.19,64,34317.44,15,11,6.24,travel,0
95026.33,39,400681.9,13,10,652.63,grocery,0
21712.3,33,1405095.09,44,10,7.16,grocery,0
298.75,47,241127.32,14,0,10.2,entertainment,0
143975.41,66,1202811.89,14,17,17.09,grocery,1
19654.47,50,333034.06,29,3,0.42,electronics,1
298.75,60,916632.97,28,18,6.11,travel,0
5713.79,52,484081.06,44,14,12.67,travel,0
75324.5,31,308337.37,14,10,7.01,travel,0
50926.18,21,340380.07,36,8,25.24,grocery,0
82567.25,29,398901.27,16,12,11.89,grocery,0
298.75,49,431339.81,43,19,25.98,entertainment,0
418672.3,52,151759.17,32,18,10.49,grocery,0
99875.84,43,281634.87,13,10,5.58,entertainment,0
17139.32,24,321597.17,44,14,9.64,travel,0
5392.82,59,158213.31,22,11,12.27,travel,1
39867.7,41,495173.48,12,22,517.03,electronics,1
61563.21,67,184520.15,44,20,13.31,electronics,0
126697.75,49,62174.36,12,12,3.86,utilities,0
12251.5,38,916205.51,8,7,264.75,grocery,0
298.75,30,554297.32,14,21,712.45,grocery,0
24269.41,41,180603.29,18,13,23.35,electronics,0
24684.21,52,78378.16,19,15,29.82,grocery,0
48739.36,64,171477.39,18,14,23.63,travel,0
2324.06,63,644529.0,18,13,18.7,travel,0
3942.91,40,397112.2,22,13,11.08,travel,0
298.75,32,914779.39,19,19,424.56,grocery,0
27250.44,64,423263.36,20,10,17.34,grocery,0
6004.18,43,280804.92,18,11,6.8,travel,0
90985.37,61,40650.58,8,13,9.28,travel,0
110694.62,37,245240.4,15,11,6.18,utilities,1
34197.37,38,906058.27,18,21,712.45,entertainment,0
28861.71,27,1430101.64,27,16,8.58,entertainment,0
26066.37,39,374512.86,18,12,3.54,travel,0
18276.43,46,1533895.42,19,17,11.49,travel,0
6246.66,30,331496.55,19,17,1.78,entertainment,0
7274.09,44,499728.28,15,11,7.61,utilities,0
93907.19,31,205000.36,13,22,12.15,entertainment,0
184246.07,18,229368.54,44,14,17.55,grocery,0
70602.22,52,10943.85,13,20,27.31,grocery,0
34742.33,50,211191.49,11,0,14.59,grocery,0
30959.96,47,322696.07,14,9,8.5,electronics,0
88496.37,66,360179.28,21,10,20.17,entertainment,0
39053.32,31,84886.27,22,7,712.45,grocery,0
48207.72,41,27859.78,8,17,10.81,entertainment,0
137429.71,37,234828.7,7,22,712.45,electronics,1
2800.74,42,415191.83,23,10,38.5,electronics,0
153652.51,55,163536.25,20,7,712.45,travel,0
15347.54,60,1003910.19,36,7,712.45,grocery,0
266801.57,31,286018.68,20,19,13.86,grocery,0
33685.74,68,373069.58,14,18,10.55,entertainment,0
298.75,32,529930.93,43,5,23.53,entertainment,0
42336.45,72,395764.14,10,11,3.35,travel,0
86742.63,22,298148.18,15,19,8.34,entertainment,0
25647.29,32,416449.73,0,18,13.46,travel,0
12953.6,35,142439.28,13,16,10.89,entertainment,0
11739.19,46,188476.63,11,8,0.31,electronics,0
196986.37,59,2156089.47,4,21,58.37,electronics,1
16935.71,46,671762.65,18,18,5.7,travel,0
55978.25,59,236421.46,15,18,26.85,utilities,0
22465.35,48,341231.14,0,9,12.3,entertainment,0
298.75,62,1580439.57,8,12,423.17,entertainment,0
30326.32,32,152575.13,7,2,19.68,entertainment,0
57613.45,27,394558.09,11,9,420.26,utilities,0
17114.76,55,207332.61,20,17,5.62,travel,0
16437.75,19,966012.17,13,10,6.06,grocery,0
12683.21,45,83012.07,10,20,2.56,travel,0
17982.7,36,316340.34,12,15,9.28,travel,0
21986.29,42,230428.04,20,17,3.37,travel,0
365525.26,48,1932251.31,18,20,0.31,electronics,0
18932.14,41,468025.06,8,23,712.45,grocery,0
10651.87,67,502994.45,9,18,421.74,utilities,0
298.75,27,125475.86,16,18,0.37,electronics,0
18893.46,19,228326.72,12,9,19.12,travel,1
45929.87,46,242781.82,16,13,9.2,electronics,0
56121.38,66,714634.32,44,19,10.9,travel,0
95722.38,27,243215.71,16,20,13.94,grocery,0
25975.64,18,450136.32,9,18,3.15,grocery,0
298.75,45,219586.41,17,15,17.25,electronics,0
3572.19,63,77410.17,6,19,10.39,entertainment,0
123992.31,22,252132.14,18,12,712.45,utilities,1
7439.97,44,268486.0,15,22,8.24,electronics,0
20028.84,60,227031.66,3,14,19.15,electronics,0
204928.06,50,352507.1,20,21,7.19,electronics,0
5625.99,57,167099.83,17,21,25.18,entertainment,0
75308.86,48,550944.81,6,11,468.77,travel,0
1971.82,49,258879.65,10,12,6.84,utilities,0
418672.3,52,220025.2,40,10,27.67,entertainment,0
28731.47,50,1268556.7,21,10,2.41,grocery,1
343.78,27,376805.79,22,0,20.87,entertainment,0
15586.46,48,276192.78,18,17,8.21,entertainment,0
63961.17,19,63824.97,20,1,0.31,travel,0
176178.25,46,21372.83,13,8,23.92,entertainment,0
317899.8,64,317902.14,6,10,5.77,travel,1
12402.96,25,239533.13,30,12,20.85,utilities,0
32269.16,20,1091033.17,44,14,665.37,travel,0
81361.86,29,202735.5,15,11,11.84,travel,0
181043.88,31,198857.2,14,9,534.87,travel,0
39632.14,25,205619.26,17,14,0.31,electronics,0
2639.74,40,255412.73,18,12,4.3,utilities,0
19273.96,59,277226.03,16,8,13.09,grocery,0
26715.04,28,102861.01,8,7,5.85,grocery,0
16613.82,44,307040.22,16,10,13.46,utilities,0
5461.71,31,363061.22,15,11,11.69,electronics,1
6578.01,62,1334062.69,13,23,7.45,utilities,0
96064.91,42,421667.18,25,15,10.73,travel,1
142605.19,57,478149.95,15,9,24.47,grocery,0
19651.95,36,109623.58,13,9,12.86,utilities,0
109161.44,51,344606.55,11,18,19.96,entertainment,0
10103.02,18,59399.11,13,9,257.58,travel,0
298.75,63,587743.46,19,23,5.1,electronics,0
1716.23,36,613385.69,20,10,5.85,electronics,0
200214.92,31,294667.54,41,0,5.93,grocery,0
90799.77,66,382170.38,20,11,24.71,grocery,0
42565.34,18,1159745.53,5,8,26.93,grocery,0
298.75,31,556181.0,42,18,20.34,travel,0
155985.86,23,88761.59,7,8,340.05,grocery,0
298.75,56,780454.32,18,9,19.14,travel,0
36136.26,58,79756.76,22,3,9.53,grocery,0
24102.49,59,246492.87,9,19,9.18,electronics,0
4055.68,63,1006715.23,18,18,22.38,entertainment,0
87206.09,50,309292.98,19,19,6.15,electronics,1
72591.54,58,172152.6,43,16,3.63,grocery,0
239774.72,70,491598.07,17,12,16.12,travel,0
61590.59,52,320693.0,13,17,712.45,electronics,1
15257.37,57,374008.71,7,12,22.64,grocery,0
278162.28,55,620070.91,34,0,5.36,utilities,0
19139.94,47,264052.25,12,12,13.56,entertainment,0
21298.43,61,1304287.77,14,13,0.31,utilities,0
33449.32,38,308696.78,18,15,5.63,utilities,1
298.75,53,156783.96,9,20,13.83,utilities,0
27464.55,60,355413.77,8,13,6.04,utilities,0
14649.26,53,1835268.03,13,10,10.95,utilities,0
13118.78,29,327493.02,19,10,712.45,entertainment,0
7405.85,48,619413.26,12,23,6.89,grocery,0
79282.42,60,157089.36,12,12,22.43,grocery,0
166109.78,66,417170.53,9,12,700.97,grocery,0
8598.23,59,288375.37,40,11,8.92,grocery,0
17571.41,30,282632.72,14,10,11.46,entertainment,0
418672.3,25,1174918.35,10,13,9.12,travel,1
17056.42,26,345508.17,18,14,2.65,utilities,0
418672.3,59,378359.12,6,5,14.84,travel,1
5016.46,49,268400.74,9,22,8.55,grocery,0
49015.5,62,12790.01,11,12,7.36,utilities,1
226885.3,54,193544.85,9,21,591.07,grocery,0
39715.89,54,403180.54,40,10,0.31,electronics,0
38633.26,42,145202.48,44,10,7.11,utilities,0
580.32,30,367728.32,17,7,18.92,grocery,0
334849.67,48,329360.69,16,21,10.47,electronics,0
41365.35,46,1332301.02,16,13,10.94,entertainment,1
29250.01,32,239804.0,18,16,3.73,travel,0
83667.88,50,185079.07,12,0,0.68,utilities,0
49449.18,25,1435015.93,10,11,3.64,electronics,0
1391.27,39,341429.68,14,10,6.65,electronics,0
3565.07,54,344432.57,37,11,78.68,grocery,0
21496.7,41,1331098.12,16,8,7.21,travel,1
27418.48,56,51205.55,14,9,8.6,grocery,0
43773.42,52,292090.98,22,13,712.45,grocery,1
271132.3,40,263634.06,15,11,13.5,entertainment,0
357.24,52,41882.82,13,8,13.26,travel,0
19867.03,60,250432.62,9,19,11.57,electronics,1
60234.64,25,404007.38,15,0,5.3,grocery,0
29978.51,62,297802.16,10,12,13.46,entertainment,0
289446.05,55,732648.48,22,13,4.2,entertainment,0
6458.48,18,328902.18,36,16,12.9,electronics,0
10345.26,63,347956.27,7,11,8.6,grocery,0
4735.1,62,165586.29,39,10,5.11,grocery,0
33349.78,46,875826.76,7,18,5.39,electronics,0
17004.2,47,339982.75,15,12,11.45,entertainment,0
39225.62,57,272866.54,29,20,2.6,utilities,0
6391.12,51,126669.87,10,23,3.84,electronics,0
298.75,49,63120.12,16,10,13.02,grocery,0
15856.56,43,101933.83,24,13,6.77,entertainment,1
860.52,25,64954.62,20,8,712.45,grocery,0
25677.74,35,256244.93,19,18,21.67,electronics,0
21928.52,22,297324.01,19,13,11.1,utilities,0
5045.42,66,179578.88,28,1,14.98,electronics,0
10222.78,45,10943.85,10,23,11.76,grocery,0
59369.1,52,249356.37,8,15,19.27,grocery,0
86284.54,20,241608.27,8,12,23.74,entertainment,0
13960.16,37,252863.69,17,12,23.62,electronics,0
21797.11,53,46805.19,44,23,27.04,electronics,0
298.75,50,715718.13,12,13,25.88,utilities,0
298.75,30,366358.19,22,19,0.31,grocery,0
24015.01,35,138305.68,14,18,7.59,electronics,1
756.8,50,299254.77,15,12,17.75,utilities,0
69162.06,26,513227.89,44,19,5.88,electronics,0
18128.83,20,286649.24,44,11,0.31,utilities,0
15284.76,47,156908.18,11,0,13.06,grocery,0
45608.92,18,139475.17,44,11,618.28,grocery,0
15188.43,56,640289.43,8,20,10.21,travel,1
298.75,59,384415.41,44,10,10.52,entertainment,0
12717.88,27,463540.49,20,9,27.77,grocery,0
20055.09,42,1545635.87,11,22,8.61,electronics,1
178969.79,20,371152.85,38,9,0.31,utilities,1
7501.6,31,287230.34,14,12,0.31,utilities,0
24504.18,74,93382.68,18,20,0.31,entertainment,0
21247.48,44,335046.95,22,9,11.46,utilities,0
1955.2,33,331362.61,18,11,10.22,utilities,0
2752.88,31,284022.88,15,10,0.31,travel,1
9757.71,27,480577.41,14,19,15.02,entertainment,0
60393.67,41,950128.01,28,17,3.85,entertainment,0
180020.96,57,2156089.47,18,14,0.31,grocery,1
31341.62,47,161607.01,11,11,5.97,entertainment,0
30646.02,69,226440.57,23,11,6.63,grocery,0
31408.24,53,2071703.0,11,9,12.15,electronics,0
15343.05,28,1790975.67,18,14,9.19,grocery,0
81617.89,47,2150932.05,12,19,1.01,travel,0
15463.9,43,182342.89,11,21,7.18,grocery,1
60356.23,54,1510833.4,19,11,21.99,travel,1
15587.16,40,256451.53,19,20,306.33,entertainment,1
30394.26,37,275330.28,17,12,5.04,grocery,0
346869.67,45,201161.58,16,8,17.58,grocery,0
268481.48,34,344514.18,18,19,15.08,travel,0
24983.47,52,435140.03,37,20,3.02,entertainment,0
25744.11,37,394467.7,11,19,5.93,electronics,0
20108.03,18,292804.65,14,10,7.13,grocery,0
57075.52,21,11980.75,42,12,28.35,grocery,0
68726.41,53,305725.71,14,19,608.53,utilities,0
29113.95,36,1089030.27,22,13,28.54,entertainment,0
14782.98,31,618007.73,13,16,10.26,travel,1
8538.32,18,528904.83,19,13,0.31,travel,0
10042.03,24,259064.27,11,10,4.88,grocery,0
137008.09,28,314401.92,14,11,10.89,utilities,0
27750.5,44,230038.03,11,19,273.38,grocery,0
1286.98,53,1369058.23,8,12,712.45,entertainment,0
172158.52,56,504469.91,16,14,29.77,grocery,0
10870.52,56,556782.29,19,20,10.32,utilities,1
3072.0,27,273910.43,17,9,10.93,electronics,1
55205.56,29,137470.31,25,18,8.32,grocery,0
18475.35,59,355548.86,17,14,4.47,travel,0
418672.3,37,423043.99,11,18,20.37,electronics,0
1549.09,36,582931.33,9,23,8.38,electronics,0
43320.73,51,258617.02,17,14,6.31,electronics,0
11771.42,23,349610.2,20,21,4.94,electronics,0
59895.92,36,227629.1,8,0,321.7,electronics,1
6046.13,43,296316.66,19,19,0.63,grocery,0
54699.45,43,233245.99,18,10,18.97,utilities,0
22539.08,23,2156089.47,11,19,4.18,utilities,1
298.75,61,405106.19,14,16,14.17,electronics,0
123795.7,53,253259.27,21,8,712.45,grocery,0
50322.83,20,209664.12,12,0,13.27,travel,0
298.75,29,292594.75,30,12,4.37,utilities,0
25327.85,20,395494.06,18,12,10.71,utilities,0
59209.05,58,292773.24,19,12,191.28,entertainment,1
418672.3,60,563295.46,6,9,545.69,entertainment,0
11289.02,27,187400.39,13,23,22.04,travel,0
1215.62,52,276317.73,4,15,5.19,utilities,0
298.75,62,2156089.47,15,13,12.74,entertainment,0
63373.75,52,391966.2,21,12,10.88,electronics,0
38430.97,29,152969.99,9,9,6.68,entertainment,0
22969.43,27,225340.61,10,16,3.28,utilities,1
30652.65,32,213130.86,35,15,12.25,electronics,0
10525.08,59,257698.13,44,0,5.22,entertainment,0
1919.11,40,269110.15,21,10,2.85,travel,0
86113.63,28,306178.37,11,16,0.31,travel,0
23132.4,35,314415.13,9,0,28.68,grocery,1
70541.71,29,685059.92,40,21,8.06,electronics,0
32161.58,40,10943.85,20,22,3.94,grocery,0
215448.1,29,359304.4,16,12,5.4,grocery,1
11440.98,46,720431.18,20,13,3.13,grocery,0
31298.96,52,137158.31,9,22,582.2,utilities,0
14398.95,43,166652.73,26,16,13.37,grocery,0
13956.31,58,563583.02,12,3,576.49,travel,0
32186.76,50,558602.76,44,16,8.59,grocery,0
298.75,54,420630.06,16,0,690.59,travel,0
8845.65,57,545572.19,18,14,4.86,utilities,0
37651.33,67,1439612.02,19,12,3.52,entertainment,0
54124.9,70,164961.08,33,12,13.43,grocery,0
64738.82,48,297099.75,14,22,10.54,grocery,0
715.08,40,59426.61,22,22,18.34,utilities,0
31080.12,59,309200.5,12,22,2.55,utilities,0
30754.8,37,286368.57,15,13,655.67,travel,1
15912.25,18,360952.04,12,22,12.46,utilities,1
6565.96,59,353490.51,19,13,25.13,grocery,0
8133.37,49,133224.54,44,19,11.65,grocery,0
90880.35,46,255530.34,7,0,6.7,electronics,1
5734.37,22,258281.14,20,12,0.31,grocery,0
32711.01,28,402023.03,7,11,12.85,grocery,0
418672.3,30,277204.02,14,6,7.83,grocery,1
61241.85,24,44044.44,12,10,9.78,utilities,0
185115.27,28,797942.35,14,8,4.32,travel,1
28433.43,43,10943.85,9,17,11.46,grocery,0
43812.3,18,351643.63,20,8,2.06,electronics,0
12330.58,46,140684.47,21,15,639.56,entertainment,0
79447.91,63,1119261.1,16,20,72.93,electronics,0
59014.47,47,411044.19,8,17,10.37,entertainment,0
39971.87,39,421963.55,19,15,19.57,grocery,0
23414.82,31,308544.94,13,10,4.21,grocery,0
61181.27,29,81171.39,6,15,19.66,utilities,0
9204.38,56,139403.46,44,0,1.76,entertainment,0
2152.3,38,128855.52,19,18,1.93,travel,0
5578.76,47,247029.56,18,17,11.47,travel,0
19447.68,18,375618.9,16,22,5.27,grocery,1
60383.01,48,487184.23,17,13,12.06,travel,0
13370.01,55,26015.79,11,14,1.17,grocery,0
75941.83,18,298863.95,20,13,658.63,travel,0
5264.97,24,382497.54,12,19,1.45,utilities,0
38498.98,35,398988.24,33,12,12.41,electronics,0
5531.45,59,217814.92,44,20,7.41,entertainment,0
3887.35,51,141292.71,18,1,1.64,electronics,0
298.75,63,327703.07,16,10,20.22,travel,0
9557.3,64,301423.59,14,15,11.24,electronics,0
10689.88,50,1362242.46,4,1,24.57,travel,0
26094.08,69,346308.04,7,8,712.45,entertainment,0
32410.72,44,142377.84,13,13,11.09,travel,0
2363.02,41,1594926.47,15,10,5.59,travel,0
13161.64,18,10943.85,8,11,13.81,grocery,0
14691.96,54,320187.04,11,12,10.01,utilities,0
3528.56,31,1196440.27,40,11,4.0,travel,0
98037.69,51,447844.53,17,11,10.55,electronics,0
49592.24,46,1025845.94,19,0,5.11,grocery,0
298.75,46,244453.43,14,12,12.27,grocery,0
298.75,22,1136370.67,16,23,8.66,grocery,0
34269.65,39,390576.19,13,0,501.48,electronics,0
45967.87,45,624229.28,20,10,13.92,travel,0
1755.67,48,277518.51,9,18,712.45,travel,0
14455.99,18,133171.91,37,0,0.31,entertainment,0
49530.7,40,273342.85,10,7,589.94,entertainment,1
298.75,61,463484.56,33,7,8.74,entertainment,0
26572.33,38,424754.34,18,18,712.45,entertainment,0
5326.78,26,429316.34,7,7,18.85,electronics,0
8352.12,61,458146.7,10,9,4.22,entertainment,0
12699.63,26,381445.36,13,10,538.87,electronics,0
7098.31,65,2156089.47,12,22,8.6,grocery,0
16113.04,46,103716.81,7,13,11.02,entertainment,0
375287.48,21,425022.61,7,11,26.01,electronics,0
17915.5,37,522859.04,14,14,712.45,utilities,0
11946.8,26,312210.9,11,9,19.24,grocery,0
110429.76,43,242657.68,12,21,2.92,utilities,0
10856.74,62,10943.85,10,20,12.58,utilities,0
393675.35,46,402924.08,21,10,630.17,utilities,0
2935.46,64,387661.34,13,11,6.02,entertainment,0
29230.34,45,284785.58,18,11,417.46,grocery,1
30900.74,60,397192.04,10,13,4.42,utilities,0
49017.16,53,1077425.13,17,11,9.73,utilities,0
298.75,42,669966.86,9,9,598.05,entertainment,0
298.75,39,327954.58,6,0,1.72,entertainment,0
16922.55,62,196092.5,12,13,11.16,grocery,0
9334.28,40,248995.11,15,22,6.11,electronics,0
24782.22,39,36300.43,20,15,19.45,travel,0
24227.65,61,477603.62,15,7,0.31,entertainment,0
11150.77,24,510296.83,10,7,12.33,entertainment,0
6662.57,30,122774.07,44,11,3.09,grocery,0
325509.31,68,310634.7,32,7,1.27,utilities,1
12927.77,18,349213.86,20,22,20.72,grocery,0
38786.15,43,114902.38,8,19,18.22,travel,0
1308.69,19,1219195.07,16,14,13.98,electronics,0
43549.93,24,281851.88,15,12,663.0,utilities,0
37228.2,74,454134.45,13,14,12.07,travel,0
298.75,56,676675.63,20,10,712.45,entertainment,0
13907.51,28,123033.87,40,11,4.36,electronics,0
21304.62,39,599709.21,17,0,10.14,utilities,0
44591.91,54,271365.23,15,19,712.45,travel,0
37487.81,24,10943.85,13,14,23.94,utilities,0
31979.59,62,472968.45,19,23,9.47,grocery,0
298.75,19,262376.2,19,9,15.01,electronics,0
59233.42,72,315702.03,20,0,9.58,utilities,0
7883.05,50,459369.95,12,12,4.9,electronics,0
122837.53,38,258651.93,12,11,19.41,grocery,0
115703.92,56,1073098.06,22,20,13.0,travel,0
568.4,64,255681.02,15,20,6.41,travel,1
11577.74,45,53636.89,21,8,8.53,grocery,0
49534.47,36,393900.31,44,13,11.73,travel,0
12049.87,38,330492.43,44,22,16.24,electronics,0
32336.6,50,92949.12,20,11,12.36,electronics,0
6908.0,18,296223.83,21,10,3.09,grocery,0
42406.06,37,1872311.32,13,17,12.12,grocery,0
298.75,50,374694.47,20,13,11.51,travel,0
69714.17,40,210241.8,7,15,0.31,grocery,0
1836.5,64,179946.23,44,13,7.03,utilities,0
298.75,24,408077.16,18,13,10.12,utilities,0
12917.3,70,67493.18,20,0,0.31,travel,0
298.75,53,135354.81,11,9,11.14,grocery,0
298.75,32,126796.64,11,14,11.94,electronics,0
17194.08,21,278552.94,16,10,1.2,travel,0
9965.68,34,176143.91,11,9,7.47,electronics,0
29536.15,18,155475.29,13,7,620.46,travel,0
20565.26,34,443733.47,8,13,2.17,travel,0
29207.5,36,402615.23,9,11,7.39,entertainment,0
55596.07,44,296340.24,10,20,10.26,electronics,0
298.75,40,281907.19,21,10,1.21,travel,1
22754.39,46,1846696.97,7,23,712.45,entertainment,1
16034.98,43,314661.56,11,0,20.77,electronics,0
71941.58,48,196069.74,20,14,9.73,entertainment,1
164843.44,50,470446.09,33,19,7.98,electronics,0
12594.02,65,260433.48,9,8,1.73,travel,0
128983.33,56,1095726.66,9,15,686.1,travel,0
41845.89,43,293941.83,4,9,544.28,electronics,0
298.75,63,453619.65,12,23,13.12,electronics,0
181965.25,44,1003929.76,10,13,172.25,grocery,1
20058.86,40,212909.09,14,13,538.55,grocery,0
18716.57,31,224990.89,44,10,10.1,grocery,0
298.75,54,442338.4,41,9,464.66,entertainment,0
21256.53,22,514823.91,42,17,1.72,utilities,0
8496.48,54,592791.31,15,21,17.45,travel,0
30760.59,21,10943.85,9,19,678.7,grocery,1
24415.86,60,541975.53,9,15,5.88,electronics,0
144497.88,53,407366.98,11,7,6.78,entertainment,0
77790.83,51,315375.8,19,23,712.45,electronics,0
22017.69,41,408773.44,20,22,14.11,utilities,0
123607.86,66,965064.91,9,0,7.0,utilities,1
298.75,50,72692.6,21,18,17.92,utilities,0
298.75,30,425834.71,23,11,8.44,entertainment,0
298.75,35,206789.99,18,22,9.57,electronics,0
298.75,64,10943.85,44,10,2.55,travel,0
200615.44,28,959130.85,12,13,6.64,electronics,1
190466.58,52,10943.85,13,0,9.47,travel,1
56742.75,35,678071.94,44,11,324.21,electronics,0
66292.98,43,210519.13,21,1,8.61,utilities,0
26183.72,62,1148931.68,5,22,589.16,electronics,0
17052.12,22,630473.44,44,9,5.09,electronics,0
18242.16,37,10943.85,39,14,11.44,grocery,0
28809.92,59,324232.48,18,17,17.78,grocery,0
37003.11,55,113675.07,15,11,29.5,travel,0
193832.58,40,224543.97,13,11,597.71,entertainment,1
73711.53,23,168298.88,14,1,24.57,utilities,1
176907.93,71,150638.21,7,8,2.24,entertainment,1
68184.24,44,55802.18,14,10,8.16,electronics,0
136137.67,28,92868.13,13,11,15.55,travel,0
3663.67,42,242446.91,7,11,10.09,utilities,0
22258.86,74,423195.65,41,12,26.97,travel,0
8371.97,41,242616.5,44,12,27.5,grocery,1
41617.5,34,373725.92,44,12,13.98,entertainment,0
18684.18,44,372417.49,43,7,19.56,grocery,0
106464.37,31,381018.74,15,13,19.37,travel,0
6642.28,38,384855.63,20,14,8.59,utilities,0
298.75,22,533457.89,6,14,0.31,grocery,0
103741.53,42,497270.6,14,12,712.45,utilities,0
23697.58,19,10943.85,7,23,6.64,utilities,0
9601.39,52,184724.67,16,14,6.32,travel,0
39513.78,42,529218.57,19,12,30.22,grocery,0
298.75,56,263420.26,12,20,712.45,travel,0
12896.35,62,148356.42,18,22,8.35,electronics,0
40403.19,32,10943.85,37,15,25.35,travel,0
39504.21,66,248547.75,15,7,238.85,electronics,0
17060.31,24,75640.17,19,18,22.72,electronics,0
115042.57,45,206104.47,21,13,12.54,electronics,0
7736.17,22,427032.56,5,12,5.77,utilities,0
43258.21,54,259312.83,14,22,712.45,entertainment,0
67277.3,66,1234085.6,9,10,0.31,utilities,0
187029.0,54,304692.61,14,0,6.15,entertainment,0
29227.19,43,578387.7,43,13,212.96,utilities,0
298.75,36,258126.7,25,21,25.63,utilities,1
40260.03,47,491182.91,9,12,9.36,grocery,0
48405.2,43,1058827.77,15,18,17.06,electronics,0
28904.16,49,129023.02,13,9,6.09,electronics,0
27756.95,52,1363438.4,12,23,11.49,entertainment,0
19244.55,35,110623.82,9,12,6.65,electronics,0
8974.96,60,335893.39,2,14,11.71,travel,0
40929.02,25,10943.85,11,11,8.41,entertainment,0
206173.11,51,433716.69,7,8,3.98,entertainment,0
298.75,33,988107.63,13,2,12.52,travel,0
21205.33,59,208210.25,34,10,0.31,entertainment,1
15677.89,23,553186.26,11,15,7.17,electronics,0
13573.32,28,281104.27,12,11,17.08,electronics,0
15641.08,61,258934.59,44,14,712.45,grocery,0
10497.37,61,164909.85,16,8,0.31,electronics,0
237506.26,38,410731.47,39,8,14.35,travel,0
54058.14,23,683638.04,11,13,24.05,entertainment,0
87656.98,23,310731.66,10,14,9.18,travel,0
48451.57,53,104852.67,6,9,3.72,electronics,0
26839.57,40,170107.94,17,22,12.83,travel,0
28852.45,29,299263.56,18,16,622.57,travel,0
46073.11,19,201743.55,20,9,116.78,electronics,1
23983.19,39,535916.81,17,18,0.4,travel,0
23591.27,29,444140.71,5,20,428.7,electronics,0
13378.61,54,306371.76,14,7,6.81,grocery,0
39734.76,60,633027.23,15,0,24.07,electronics,0
9395.18,53,421052.87,44,11,1.68,electronics,0
57324.27,45,220448.83,11,9,10.29,electronics,0
40005.73,52,372041.29,17,22,2.71,utilities,0
8905.8,34,193176.43,27,0,443.97,electronics,0
3716.9,49,236046.57,12,13,14.5,utilities,0
13410.13,55,1049470.17,44,7,5.56,grocery,0
23933.49,59,672759.56,13,0,5.46,utilities,0
129828.88,30,116140.12,17,11,22.92,grocery,0
341560.1,64,224342.04,19,17,712.45,travel,0
16730.24,31,333590.51,16,17,3.68,utilities,0
100928.29,18,113999.15,44,12,545.82,electronics,0
8944.44,21,104327.33,12,21,4.05,utilities,0
17458.08,31,468278.87,19,12,8.59,travel,0
37946.9,55,304710.5,16,8,0.98,grocery,0
298.75,23,194379.42,5,13,9.31,grocery,0
350513.92,18,342162.69,12,17,8.56,grocery,0
49534.82,30,198388.56,19,11,9.05,travel,0
38776.79,62,245228.47,22,21,0.31,entertainment,0
94153.64,74,212370.56,16,18,9.02,electronics,0
58677.08,55,146665.49,11,8,8.1,entertainment,0
12985.94,22,1373466.44,42,17,6.2,grocery,0
68744.81,24,94011.38,8,16,0.31,grocery,1
29823.8,30,618098.72,44,13,0.31,utilities,0
298.75,65,522884.26,16,18,9.38,travel,0
298.75,49,71065.02,18,12,11.74,electronics,0
15268.69,31,642618.31,8,6,8.18,electronics,1
10520.83,60,655780.19,4,12,10.29,entertainment,0
298.75,50,390187.68,13,14,140.44,entertainment,0
1321.17,42,2156089.47,11,13,0.31,utilities,0
161799.99,31,270575.31,13,10,712.45,electronics,1
21013.39,18,659213.07,12,8,8.02,travel,1
3210.83,52,207743.98,18,14,3.85,utilities,0
298.75,63,405804.11,21,15,0.31,travel,0
11279.65,39,688365.03,15,21,15.11,electronics,0
59157.77,32,875960.65,12,13,24.62,utilities,0
418672.3,36,361557.63,26,16,712.45,grocery,1
298.75,46,957642.29,23,17,9.64,travel,0
6391.84,41,425467.78,18,0,3.7,electronics,0
298.75,30,575980.32,21,17,154.89,grocery,0
15848.23,27,436350.3,9,17,5.79,electronics,0
211045.67,20,364825.35,8,13,10.74,grocery,0
62239.3,31,254699.78,11,10,9.1,electronics,0
298.75,60,1176468.86,12,13,16.73,entertainment,0
26068.48,70,194718.93,13,10,474.15,entertainment,0
2660.68,65,194355.24,15,10,9.5,grocery,0
